Workbook

Sheet לוח בקרה למנהלים
B2: לוח בקרה למנהלים — מרכז הבקרה העסקי
B3: ContractorOS — כל העסק שלכם, במבט אחד
B5: 💰 פיננסי
B6: הכנסה (₪) | C6: רווח גולמי (₪) | D6: מרג'ין ממוצע % | E6: יתרת מזומן נוכחית (₪) | F6: יתרה לגבייה (₪) | G6: שווי מלאי (₪)
B7: =SUM(פרויקטים!I4:I28) | C7: =SUM(פרויקטים!L4:L28) | D7: =IFERROR(AVERAGE(פרויקטים!M4:M28),0) | E7: ='תזרים מזומנים'!H15 | F7: =SUM(פרויקטים!K4:K28) | G7: =SUM(מלאי!H4:H23)
B10: 🏗 פרויקטים ומכירות
B11: פרויקטים פעילים | C11: פרויקטים בסיכון | D11: סה"כ לידים | E11: אחוז המרה | F11: שעות עבודה כוללות | G11: עלות עבודה כוללת (₪)
B12: =COUNTIFS(פרויקטים!C4:C28,"<>הושלם",פרויקטים!C4:C28,"<>בוטל",פרויקטים!C4:C28,"<>") | C12: =COUNTIFS(פרויקטים!N4:N28,"<>תקין",פרויקטים!N4:N28,"<>-",פרויקטים!N4:N28,"<>") | D12: =COUNTA('מכירות ולידים'!A4:A28) | E12: =IFERROR(COUNTIF('מכירות ולידים'!E4:E28,"נסגר בהצלחה")/COUNTA('מכירות ולידים'!A4:A28),0) | F12: =SUM('כוח אדם'!C4:C22)+SUM('כוח אדם'!D4:D22) | G12: =SUM('כוח אדם'!E4:E22)
B15: ⚠ תובנות עסקיות חכמות
B16: =IF(COUNTIFS(פרויקטים!N4:N28,"חריגת תקציב")>0,"הפרויקט '"&IFERROR(INDEX(פרויקטים!A4:A28,MATCH(MAX(פרויקטים!H4:H28),פרויקטים!H4:H28,0)),"")&"' חרג מתקציב ב-"&TEXT(MAX(פרויקטים!H4:H28),"0%")&".","אין פרויקטים בחריגת תקציב כרגע.")
B17: =IF(SUM(פרויקטים!K4:K28)>0,"יש "&TEXT(SUM(פרויקטים!K4:K28),"#,##0")&" ש'' ממתינים לגבייה על פני "&COUNTIF(פרויקטים!K4:K28,">0")&" פרויקטים.","כל הגבייה עדכנית.")
B18: =IF(COUNTIFS('מכירות ולידים'!F4:F28,"חם",'מכירות ולידים'!E4:E28,"<>נסגר בהצלחה",'מכירות ולידים'!E4:E28,"<>אבדנו")>0,COUNTIFS('מכירות ולידים'!F4:F28,"חם",'מכירות ולידים'!E4:E28,"<>נסגר בהצלחה",'מכירות ולידים'!E4:E28,"<>אבדנו")&" לידים חמים דורשים פולואפ עכשיו.","אין לידים חמים פתוחים כרגע.")
B19: =IF(AVERAGE(פרויקטים!M4:M28)<0.15,"הרווח הממוצע (מרג'ין) ירד מתחת ל-15% — כדאי לבדוק את מבנה התמחור.","המרג'ין הממוצע בטווח בריא.")
B20: =IF(COUNTIF(מלאי!H4:H23,"<500")>0,"יש פריטי מלאי בשווי נמוך שכדאי לבדוק להזמנה מחדש.","רמות המלאי תקינות.")
B21: =IF(COUNTIF(פרויקטים!L4:L28,">0")>0,"הפרויקט הרווחי ביותר כרגע: '"&IFERROR(INDEX(פרויקטים!A4:A28,MATCH(MAX(פרויקטים!L4:L28),פרויקטים!L4:L28,0)),"")&"'.","עדיין אין נתוני רווח לפרויקטים.")
B23: לנתונים המלאים: לשוניות פרויקטים / מכירות ולידים / תזרים מזומנים / מלאי / כוח אדם

Sheet פרויקטים
A1: רישום פרויקטים מרכזי
A2: שורה אחת לכל פרויקט — שם הפרויקט חייב להיות זהה למה שהוזן בכל שאר מוצרי ContractorOS
A3: שם פרויקט | B3: לקוח | C3: סטטוס ביצוע | D3: אחוז השלמה | E3: תאריך יעד | F3: תקציב (₪) | G3: עלות בפועל (₪) | H3: חריגת תקציב % | I3: שווי הצעה כולל מע"מ (₪) | J3: נגבה עד כה (₪) | K3: יתרה לגבייה (₪) | L3: רווח משוער (₪) | M3: מרג'ין % | N3: סיכון | O3: הערות
A4: שיפוץ מטבח - וילה כהן | B4: משפחת כהן | C4: בביצוע | D4: 0.65 | E4: 46063 | F4: 20500 | G4: 21800 | H4: =IFERROR((G4-F4)/F4,0) | I4: 48000 | J4: 20000 | K4: =I4-J4 | L4: =I4-G4 | M4: =IFERROR(L4/I4,0) | N4: =IF(C4="הושלם","-",IF(TODAY()>E4,"פיגור",IF(H4>0.1,"חריגת תקציב",IF(M4<0.15,"מרג'ין נמוך","תקין"))))
A5: החלפת לוח חשמל | B5: עו"ד לוי | C5: הושלם | D5: 1 | E5: 46042 | F5: 2500 | G5: 2650 | H5: =IFERROR((G5-F5)/F5,0) | I5: 4200 | J5: 4200 | K5: =I5-J5 | L5: =I5-G5 | M5: =IFERROR(L5/I5,0) | N5: =IF(C5="הושלם","-",IF(TODAY()>E5,"פיגור",IF(H5>0.1,"חריגת תקציב",IF(M5<0.15,"מרג'ין נמוך","תקין"))))
A6: התקנת מיזוג 3 יח' | B6: מסעדת האורן | C6: בביצוע | D6: 0.3 | E6: 46068 | F6: 8500 | G6: 7900 | H6: =IFERROR((G6-F6)/F6,0) | I6: 13500 | J6: 5000 | K6: =I6-J6 | L6: =I6-G6 | M6: =IFERROR(L6/I6,0) | N6: =IF(C6="הושלם","-",IF(TODAY()>E6,"פיגור",IF(H6>0.1,"חריגת תקציב",IF(M6<0.15,"מרג'ין נמוך","תקין"))))
A7: איטום גג | B7: בניין משותף רוטשילד | C7: הושלם | D7: 1 | E7: 46020 | F7: 8200 | G7: 8600 | H7: =IFERROR((G7-F7)/F7,0) | I7: 10000 | J7: 10000 | K7: =I7-J7 | L7: =I7-G7 | M7: =IFERROR(L7/I7,0) | N7: =IF(C7="הושלם","-",IF(TODAY()>E7,"פיגור",IF(H7>0.1,"חריגת תקציב",IF(M7<0.15,"מרג'ין נמוך","תקין"))))
A8: ריצוף חדר אמבטיה | B8: דירת גורן | C8: ממתין | D8: 0 | E8: 46078 | F8: 3200 | G8: 0 | H8: =IFERROR((G8-F8)/F8,0) | I8: 8500 | J8: 0 | K8: =I8-J8 | L8: =I8-G8 | M8: =IFERROR(L8/I8,0) | N8: =IF(C8="הושלם","-",IF(TODAY()>E8,"פיגור",IF(H8>0.1,"חריגת תקציב",IF(M8<0.15,"מרג'ין נמוך","תקין"))))
H9: =IF(A9="","",IFERROR((G9-F9)/F9,0)) | K9: =IF(A9="","",I9-J9) | L9: =IF(A9="","",I9-G9) | M9: =IF(A9="","",IFERROR(L9/I9,0)) | N9: =IF(A9="","",IF(C9="הושלם","-",IF(TODAY()>E9,"פיגור",IF(H9>0.1,"חריגת תקציב",IF(M9<0.15,"מרג'ין נמוך","תקין")))))
H10: =IF(A10="","",IFERROR((G10-F10)/F10,0)) | K10: =IF(A10="","",I10-J10) | L10: =IF(A10="","",I10-G10) | M10: =IF(A10="","",IFERROR(L10/I10,0)) | N10: =IF(A10="","",IF(C10="הושלם","-",IF(TODAY()>E10,"פיגור",IF(H10>0.1,"חריגת תקציב",IF(M10<0.15,"מרג'ין נמוך","תקין")))))
H11: =IF(A11="","",IFERROR((G11-F11)/F11,0)) | K11: =IF(A11="","",I11-J11) | L11: =IF(A11="","",I11-G11) | M11: =IF(A11="","",IFERROR(L11/I11,0)) | N11: =IF(A11="","",IF(C11="הושלם","-",IF(TODAY()>E11,"פיגור",IF(H11>0.1,"חריגת תקציב",IF(M11<0.15,"מרג'ין נמוך","תקין")))))
H12: =IF(A12="","",IFERROR((G12-F12)/F12,0)) | K12: =IF(A12="","",I12-J12) | L12: =IF(A12="","",I12-G12) | M12: =IF(A12="","",IFERROR(L12/I12,0)) | N12: =IF(A12="","",IF(C12="הושלם","-",IF(TODAY()>E12,"פיגור",IF(H12>0.1,"חריגת תקציב",IF(M12<0.15,"מרג'ין נמוך","תקין")))))
H13: =IF(A13="","",IFERROR((G13-F13)/F13,0)) | K13: =IF(A13="","",I13-J13) | L13: =IF(A13="","",I13-G13) | M13: =IF(A13="","",IFERROR(L13/I13,0)) | N13: =IF(A13="","",IF(C13="הושלם","-",IF(TODAY()>E13,"פיגור",IF(H13>0.1,"חריגת תקציב",IF(M13<0.15,"מרג'ין נמוך","תקין")))))
H14: =IF(A14="","",IFERROR((G14-F14)/F14,0)) | K14: =IF(A14="","",I14-J14) | L14: =IF(A14="","",I14-G14) | M14: =IF(A14="","",IFERROR(L14/I14,0)) | N14: =IF(A14="","",IF(C14="הושלם","-",IF(TODAY()>E14,"פיגור",IF(H14>0.1,"חריגת תקציב",IF(M14<0.15,"מרג'ין נמוך","תקין")))))
H15: =IF(A15="","",IFERROR((G15-F15)/F15,0)) | K15: =IF(A15="","",I15-J15) | L15: =IF(A15="","",I15-G15) | M15: =IF(A15="","",IFERROR(L15/I15,0)) | N15: =IF(A15="","",IF(C15="הושלם","-",IF(TODAY()>E15,"פיגור",IF(H15>0.1,"חריגת תקציב",IF(M15<0.15,"מרג'ין נמוך","תקין")))))
H16: =IF(A16="","",IFERROR((G16-F16)/F16,0)) | K16: =IF(A16="","",I16-J16) | L16: =IF(A16="","",I16-G16) | M16: =IF(A16="","",IFERROR(L16/I16,0)) | N16: =IF(A16="","",IF(C16="הושלם","-",IF(TODAY()>E16,"פיגור",IF(H16>0.1,"חריגת תקציב",IF(M16<0.15,"מרג'ין נמוך","תקין")))))
H17: =IF(A17="","",IFERROR((G17-F17)/F17,0)) | K17: =IF(A17="","",I17-J17) | L17: =IF(A17="","",I17-G17) | M17: =IF(A17="","",IFERROR(L17/I17,0)) | N17: =IF(A17="","",IF(C17="הושלם","-",IF(TODAY()>E17,"פיגור",IF(H17>0.1,"חריגת תקציב",IF(M17<0.15,"מרג'ין נמוך","תקין")))))
H18: =IF(A18="","",IFERROR((G18-F18)/F18,0)) | K18: =IF(A18="","",I18-J18) | L18: =IF(A18="","",I18-G18) | M18: =IF(A18="","",IFERROR(L18/I18,0)) | N18: =IF(A18="","",IF(C18="הושלם","-",IF(TODAY()>E18,"פיגור",IF(H18>0.1,"חריגת תקציב",IF(M18<0.15,"מרג'ין נמוך","תקין")))))
H19: =IF(A19="","",IFERROR((G19-F19)/F19,0)) | K19: =IF(A19="","",I19-J19) | L19: =IF(A19="","",I19-G19) | M19: =IF(A19="","",IFERROR(L19/I19,0)) | N19: =IF(A19="","",IF(C19="הושלם","-",IF(TODAY()>E19,"פיגור",IF(H19>0.1,"חריגת תקציב",IF(M19<0.15,"מרג'ין נמוך","תקין")))))
H20: =IF(A20="","",IFERROR((G20-F20)/F20,0)) | K20: =IF(A20="","",I20-J20) | L20: =IF(A20="","",I20-G20) | M20: =IF(A20="","",IFERROR(L20/I20,0)) | N20: =IF(A20="","",IF(C20="הושלם","-",IF(TODAY()>E20,"פיגור",IF(H20>0.1,"חריגת תקציב",IF(M20<0.15,"מרג'ין נמוך","תקין")))))
... H28: =IF(A28="","",IFERROR((G28-F28)/F28,0)) | K28: =IF(A28="","",I28-J28) | L28: =IF(A28="","",I28-G28) | M28: =IF(A28="","",IFERROR(L28/I28,0)) | N28: =IF(A28="","",IF(C28="הושלם","-",IF(TODAY()>E28,"פיגור",IF(H28>0.1,"חריגת תקציב",IF(M28<0.15,"מרג'ין נמוך","תקין")))))

Sheet מכירות ולידים
A1: מכירות ולידים
A2: תמצית צינור המכירות — לניהול לידים מלא ראו את מוצר 7 (ניהול לקוחות ולידים)
A3: שם ליד | B3: סוג עבודה / פרויקט פוטנציאלי | C3: אזור | D3: סכום פוטנציאלי (₪) | E3: סטטוס | F3: חום ליד | G3: פולואפ הבא | H3: הערות
A4: יוסי מזרחי | B4: שיפוץ מטבח | C4: תל אביב | D4: 25000 | E4: הצעת מחיר נשלחה | F4: חם | G4: 46042
A5: רחל שמעוני | B5: החלפת לוח חשמל | C5: רמת גן | D5: 4200 | E5: נסגר בהצלחה | F5: חם
A6: אבי כהן | B6: התקנת מיזוג | C6: חולון | D6: 8500 | E6: נקבעה פגישה | F6: פושר | G6: 46040
A7: נועה בר | B7: איטום גג | C7: בת ים | D7: 6800 | E7: ליד חדש | F7: פושר | G7: 46044
A8: שרה גולן | B8: ריצוף אמבטיה | C8: גבעתיים | D8: 7500 | E8: אבדנו | F8: קר

Sheet תזרים מזומנים
A1: תזרים מזומנים
A2: תמצית חודשית — לתכנון תזרים מלא ראו את מוצר 5 (תכנון תזרים מזומנים)
A3: חודש | B3: יתרת פתיחה | C3: הכנסות צפויות | D3: הכנסות בפועל | E3: הוצאות צפויות | F3: הוצאות בפועל | G3: נטו (בפועל) | H3: יתרת סגירה
A4: ינואר | B4: 15000 | C4: 35000 | D4: 42000 | E4: 26000 | F4: 24000 | G4: =D4-F4 | H4: =B4+G4
A5: פברואר | B5: =H4 | C5: 30000 | D5: 27000 | E5: 25000 | F5: 26000 | G5: =D5-F5 | H5: =B5+G5
A6: מרץ | B6: =H5 | C6: 33000 | D6: 35000 | E6: 27000 | F6: 27500 | G6: =D6-F6 | H6: =B6+G6
A7: אפריל | B7: =H6 | C7: 34000 | D7: 31000 | E7: 26000 | F7: 28000 | G7: =D7-F7 | H7: =B7+G7
A8: מאי | B8: =H7 | C8: 36000 | D8: 38000 | E8: 28000 | F8: 27000 | G8: =D8-F8 | H8: =B8+G8
A9: יוני | B9: =H8 | C9: 32000 | D9: 29000 | E9: 27000 | F9: 29000 | G9: =D9-F9 | H9: =B9+G9
A10: יולי | B10: =H9 | C10: 30000 | D10: 26000 | E10: 26000 | F10: 27000 | G10: =D10-F10 | H10: =B10+G10
A11: אוגוסט | B11: =H10 | C11: 34000 | D11: 36000 | E11: 27000 | F11: 26000 | G11: =D11-F11 | H11: =B11+G11
A12: ספטמבר | B12: =H11 | C12: 35000 | D12: 33000 | E12: 28000 | F12: 28500 | G12: =D12-F12 | H12: =B12+G12
A13: אוקטובר | B13: =H12 | C13: 37000 | D13: 40000 | E13: 29000 | F13: 27000 | G13: =D13-F13 | H13: =B13+G13
A14: נובמבר | B14: =H13 | C14: 36000 | D14: 34000 | E14: 28000 | F14: 29000 | G14: =D14-F14 | H14: =B14+G14
A15: דצמבר | B15: =H14 | C15: 38000 | D15: 41000 | E15: 30000 | F15: 28000 | G15: =D15-F15 | H15: =B15+G15

Sheet מלאי
A1: מלאי
A2: תמצית שווי מלאי — לניהול מלאי מלא ראו את מוצר 8 (ניהול מלאי וחומרים)
A3: מק"ט | B3: שם פריט | C3: קטגוריה | D3: יחידה | E3: כמות | F3: מלאי מינימום | G3: עלות יחידה (₪) | H3: שווי מלאי (₪)
A4: EL-001 | B4: כבל חשמל 2.5 מ"מ (גליל) | C4: חשמל | D4: גליל | E4: 8 | F4: 5 | G4: 220 | H4: =E4*G4
A5: EL-002 | B5: שקע חשמל משולב | C5: חשמל | D5: יח' | E5: 40 | F5: 20 | G5: 18 | H5: =E5*G5
A6: PL-001 | B6: צינור PVC 1 אינץ' | C6: אינסטלציה | D6: מ"א | E6: 15 | F6: 10 | G6: 12 | H6: =E6*G6
A7: PT-001 | B7: צבע פנים לבן 18 ליטר | C7: צבע | D7: קופסה | E7: 2 | F7: 3 | G7: 180 | H7: =E7*G7
A8: GB-001 | B8: לוח גבס 12.5 מ"מ | C8: גבס | D8: יח' | E8: 6 | F8: 10 | G8: 45 | H8: =E8*G8
H9: =IF(A9="","",E9*G9)
H10: =IF(A10="","",E10*G10)
H11: =IF(A11="","",E11*G11)
H12: =IF(A12="","",E12*G12)
H13: =IF(A13="","",E13*G13)
H14: =IF(A14="","",E14*G14)
H15: =IF(A15="","",E15*G15)
H16: =IF(A16="","",E16*G16)
H17: =IF(A17="","",E17*G17)
H18: =IF(A18="","",E18*G18)
H19: =IF(A19="","",E19*G19)
H20: =IF(A20="","",E20*G20)
... H23: =IF(A23="","",E23*G23)

Sheet כוח אדם
A1: כוח אדם
A2: תמצית שעות ועלות — למעקב שעות מלא ראו את מוצר 6 (מעקב שעות ועלות עובדים)
A3: שם פרויקט | B3: עובד | C3: שעות רגילות | D3: שעות נוספות | E3: עלות (₪)
A4: שיפוץ מטבח - וילה כהן | B4: דוד אזולאי | C4: 76 | D4: 4 | E4: 7480
A5: שיפוץ מטבח - וילה כהן | B5: משה כהן | C5: 70 | D5: 2 | E5: 6350
A6: התקנת מיזוג 3 יח' | B6: רון לוי | C6: 24 | D6: 0 | E6: 2160
A7: איטום גג | B7: דוד אזולאי | C7: 16 | D7: 0 | E7: 1440

Sheet התחלה מהירה
A1: התחלה מהירה
A2: 5 צעדים ואתם בפנים
A4: 1. עברו ללשונית 'פרויקטים' — זהו הלב של המערכת. הוסיפו שורה לכל פרויקט, עם שם פרויקט זהה למה שמופיע במוצרים האחרים שלכם.
A6: 2. מלאו נתוני תקציב, הצעת מחיר, גבייה ותאריך יעד לכל פרויקט — הרווח, המרג'ין והסיכון מחושבים אוטומטית.
A8: 3. עדכנו את לשוניות 'מכירות ולידים', 'תזרים מזומנים', 'מלאי' ו'כוח אדם' עם תמצית הנתונים מהמוצרים הבודדים שלכם.
A10: 4. עברו ל-'לוח בקרה למנהלים' לראות את כל העסק שלכם במבט אחד — כולל תובנות עסקיות אוטומטיות.
A12: 5. חזרו לעדכן את הלשוניות בכל שבוע כדי שהתמונה תמיד תשקף את המצב האמיתי.
A14: טיפ: זהו קובץ הניהול המרכזי שמרכז תמונה מכל 10 המוצרים. שמרו על שם פרויקט זהה בכל מקום — זה המפתח שמחבר הכל יחד.

Sheet מדריך שימוש
A1: מדריך שימוש
A2: הסבר מלא לכל שדה ולכל חישוב
B4: מה זה? | C4: מערכת הניהול המרכזית של ContractorOS — מאחדת תמונת מצב מכל 10 המוצרים (תמחור, תקציב, הצעות מחיר, גבייה, תזרים, שעות עבודה, לידים, מלאי, תוספות, ביצוע) ללוח בקרה עסקי אחד.
B5: למי זה מתאים? | C5: בעלי עסק שכבר עובדים (או רוצים להתחיל לעבוד) עם כמה מוצרי ContractorOS ורוצים תמונת על אחת, בלי לקפוץ בין קבצים.
B6: איזו בעיה זה פותר? | C6: פיזור נתונים בין כלים נפרדים שגורם לכם לפספס את התמונה הכוללת — פרויקט שחורג, לקוח שלא משלם, ליד חם שנשכח.
B7: איך מתחילים? | C7: מלאו את לשונית 'פרויקטים' תחילה, ואז עדכנו את שאר הלשוניות (מכירות, תזרים, מלאי, כוח אדם) בקצרה מהמוצרים הבודדים שלכם.
B8: מה צריך להזין? | C8: בכל לשונית - רק את התאים הצהובים. פרויקטים: שם, לקוח, סטטוס, תקציב, עלות בפועל, שווי הצעה, גבייה. שאר הלשוניות מקבילות למוצרים הבודדים בצורה מצומצמת.
B9: מה מחושב אוטומטית? | C9: חריגת תקציב %, רווח משוער, מרג'ין %, וסיווג סיכון (תקין / מרג'ין נמוך / חריגת תקציב / פיגור) לכל פרויקט. בלוח הבקרה למנהלים: כל 12 מדדי העל, בתוספת תובנות עסקיות חכמות שמזהות אוטומטית את הפרויקט הבעייתי או הרווחי ביותר.
B10: מה לוח הבקרה למנהלים מציג? | C10: הכנסה, רווח גולמי, מרג'ין ממוצע, יתרת מזומן, יתרה לגבייה, שווי מלאי, פרויקטים פעילים/בסיכון, לידים, אחוז המרה, שעות ועלות עבודה — ותובנות עסקיות אוטומטיות.
B11: איך הקישור בין הפרויקטים עובד? | C11: לפי שם הפרויקט בלבד — אין מספור נפרד. הקפידו להשתמש באותו שם פרויקט בדיוק בכל מוצר ContractorOS שבו אתם עובדים, כדי שהמערכת המרכזית תשקף נכון.
B12: האם זה מחליף את 10 המוצרים הבודדים? | C12: לא. זהו קובץ ריכוז וניהול-על. לניהול מפורט יומיומי (למשל מעקב שעות מדויק לכל עובד, או ניהול הצעת מחיר מלאה מרובת-סעיפים) המשיכו להשתמש במוצרים הייעודיים — והעתיקו את התמצית לכאן.
B13: טיפים | C13: 1) עדכנו את לשונית 'פרויקטים' לפחות פעם בשבוע. 2) עקבו במיוחד אחרי הסטטוס 'חריגת תקציב' ו'פיגור' — אלו הדגלים האדומים. 3) התובנות העסקיות בלוח הבקרה מתעדכנות אוטומטית ברגע שהנתונים מתעדכנים.
B15: שאלות נפוצות
B16: איך מזהים פרויקט בסיכון? | C16: עמודת 'סיכון' בלשונית פרויקטים מסמנת אוטומטית: פיגור (עבר תאריך היעד), חריגת תקציב (מעל 10%), מרג'ין נמוך (מתחת ל-15%), או תקין.
B17: מאיפה מגיעים הנתונים בכל לשונית? | C17: אתם מזינים אותם ידנית, כתמצית מכל אחד מ-10 המוצרים הבודדים — אין קישור אוטומטי בין קבצי Excel נפרדים.
B18: כמה פעמים כדאי לעדכן? | C18: מומלץ עדכון שבועי לפחות, כדי שהתובנות העסקיות ולוח הבקרה למנהלים ישקפו את המצב האמיתי.
