Workbook

Sheet לוח בקרה
B2: לוח בקרה — ניהול מלאי וחומרים
B3: ContractorOS — לעולם לא תיתקעו בלי חומר באמצע עבודה
B5: שווי מלאי כולל (₪) | C5: מס' פריטים | D5: מלאי נמוך | E5: אזל מהמלאי | F5: פריט יקר ביותר (₪)
B6: =SUM('שולחן עבודה'!H4:H38) | C6: =COUNTA('שולחן עבודה'!A4:A38) | D6: =COUNTIF('שולחן עבודה'!J4:J38,"מלאי נמוך - להזמין") | E6: =COUNTIF('שולחן עבודה'!J4:J38,"אזל מהמלאי") | F6: =IFERROR(MAX('שולחן עבודה'!H4:H38),0)
B9: ⚠ תובנות עסקיות והתראות
B10: =IF(COUNTIF('שולחן עבודה'!J4:J38,"אזל מהמלאי")>0,"יש "&COUNTIF('שולחן עבודה'!J4:J38,"אזל מהמלאי")&" פריטים שאזלו מהמלאי!","אין פריטים שאזלו מהמלאי.")
B11: =IF(COUNTIF('שולחן עבודה'!J4:J38,"מלאי נמוך - להזמין")>0,"יש "&COUNTIF('שולחן עבודה'!J4:J38,"מלאי נמוך - להזמין")&" פריטים במלאי נמוך — כדאי להזמין.","כל הפריטים ברמת מלאי תקינה.")

Sheet שולחן עבודה
A1: ניהול מלאי וחומרים
A2: הזינו נתונים בתאים הצהובים בלבד — שווי מלאי וסטטוס מחושבים אוטומטית
A3: מק"ט | B3: שם פריט | C3: קטגוריה | D3: יחידה | E3: כמות | F3: מלאי מינימום | G3: עלות יחידה (₪) | H3: שווי מלאי (₪) | I3: ספק | J3: סטטוס
A4: EL-001 | B4: כבל חשמל 2.5 מ"מ (גליל) | C4: חשמל | D4: גליל | E4: 8 | F4: 5 | G4: 220 | H4: =E4*G4 | I4: חשמל ישיר בע"מ | J4: =IF(E4<=0,"אזל מהמלאי",IF(E4<=F4,"מלאי נמוך - להזמין","תקין"))
A5: EL-002 | B5: שקע חשמל משולב | C5: חשמל | D5: יח' | E5: 40 | F5: 20 | G5: 18 | H5: =E5*G5 | I5: חשמל ישיר בע"מ | J5: =IF(E5<=0,"אזל מהמלאי",IF(E5<=F5,"מלאי נמוך - להזמין","תקין"))
A6: PL-001 | B6: צינור PVC 1 אינץ' | C6: אינסטלציה | D6: מ"א | E6: 15 | F6: 10 | G6: 12 | H6: =E6*G6 | I6: אינסטל פלוס | J6: =IF(E6<=0,"אזל מהמלאי",IF(E6<=F6,"מלאי נמוך - להזמין","תקין"))
A7: PT-001 | B7: צבע פנים לבן 18 ליטר | C7: צבע | D7: קופסה | E7: 2 | F7: 3 | G7: 180 | H7: =E7*G7 | I7: צבעי הצפון | J7: =IF(E7<=0,"אזל מהמלאי",IF(E7<=F7,"מלאי נמוך - להזמין","תקין"))
A8: GB-001 | B8: לוח גבס 12.5 מ"מ | C8: גבס | D8: יח' | E8: 6 | F8: 10 | G8: 45 | H8: =E8*G8 | I8: גבסטון | J8: =IF(E8<=0,"אזל מהמלאי",IF(E8<=F8,"מלאי נמוך - להזמין","תקין"))
H9: =IF(A9="","",E9*G9) | J9: =IF(A9="","",IF(E9<=0,"אזל מהמלאי",IF(E9<=F9,"מלאי נמוך - להזמין","תקין")))
H10: =IF(A10="","",E10*G10) | J10: =IF(A10="","",IF(E10<=0,"אזל מהמלאי",IF(E10<=F10,"מלאי נמוך - להזמין","תקין")))
H11: =IF(A11="","",E11*G11) | J11: =IF(A11="","",IF(E11<=0,"אזל מהמלאי",IF(E11<=F11,"מלאי נמוך - להזמין","תקין")))
H12: =IF(A12="","",E12*G12) | J12: =IF(A12="","",IF(E12<=0,"אזל מהמלאי",IF(E12<=F12,"מלאי נמוך - להזמין","תקין")))
H13: =IF(A13="","",E13*G13) | J13: =IF(A13="","",IF(E13<=0,"אזל מהמלאי",IF(E13<=F13,"מלאי נמוך - להזמין","תקין")))
H14: =IF(A14="","",E14*G14) | J14: =IF(A14="","",IF(E14<=0,"אזל מהמלאי",IF(E14<=F14,"מלאי נמוך - להזמין","תקין")))
H15: =IF(A15="","",E15*G15) | J15: =IF(A15="","",IF(E15<=0,"אזל מהמלאי",IF(E15<=F15,"מלאי נמוך - להזמין","תקין")))
H16: =IF(A16="","",E16*G16) | J16: =IF(A16="","",IF(E16<=0,"אזל מהמלאי",IF(E16<=F16,"מלאי נמוך - להזמין","תקין")))
H17: =IF(A17="","",E17*G17) | J17: =IF(A17="","",IF(E17<=0,"אזל מהמלאי",IF(E17<=F17,"מלאי נמוך - להזמין","תקין")))
H18: =IF(A18="","",E18*G18) | J18: =IF(A18="","",IF(E18<=0,"אזל מהמלאי",IF(E18<=F18,"מלאי נמוך - להזמין","תקין")))
H19: =IF(A19="","",E19*G19) | J19: =IF(A19="","",IF(E19<=0,"אזל מהמלאי",IF(E19<=F19,"מלאי נמוך - להזמין","תקין")))
H20: =IF(A20="","",E20*G20) | J20: =IF(A20="","",IF(E20<=0,"אזל מהמלאי",IF(E20<=F20,"מלאי נמוך - להזמין","תקין")))
... H38: =IF(A38="","",E38*G38) | J38: =IF(A38="","",IF(E38<=0,"אזל מהמלאי",IF(E38<=F38,"מלאי נמוך - להזמין","תקין")))

Sheet התחלה מהירה
A1: התחלה מהירה
A2: 5 צעדים ואתם בפנים
A4: 1. עברו ללשונית 'שולחן עבודה'.
A6: 2. הוסיפו שורה לכל פריט מלאי — מק"ט, שם, קטגוריה, יחידה, כמות, מלאי מינימום, עלות יחידה, ספק.
A8: 3. שווי המלאי מחושב אוטומטית (כמות × עלות יחידה).
A10: 4. הסטטוס (תקין/מלאי נמוך/אזל) מתעדכן אוטומטית מול מלאי המינימום שהגדרתם.
A12: 5. עברו ל-לוח הבקרה לראות שווי מלאי כולל ואיזה פריטים דורשים הזמנה.
A14: טיפ: הגדירו 'מלאי מינימום' ריאלי לפי קצב השימוש שלכם — לא נמוך מדי (מלאי אוזל) ולא גבוה מדי (הון תפוס במלאי).

Sheet מדריך שימוש
A1: מדריך שימוש
A2: הסבר מלא לכל שדה ולכל חישוב
B4: מה זה? | C4: כלי לניהול מלאי חומרים וציוד, עם התראות אוטומטיות על מלאי נמוך.
B5: למי זה מתאים? | C5: קבלנים ובעלי מקצוע ששומרים מלאי חומרים/ציוד קבוע במחסן או ברכב.
B6: איזו בעיה זה פותר? | C6: להגיע לעבודה ולגלות שחומר חשוב אזל — עצירה של יום עבודה שלם.
B7: איך מתחילים? | C7: הזינו כל פריט מלאי כשורה, עם כמות נוכחית ומלאי מינימום.
B8: מה צריך להזין? | C8: מק"ט, שם פריט, קטגוריה, יחידה, כמות, מלאי מינימום, עלות יחידה, ספק.
B9: מה מחושב אוטומטית? | C9: שווי מלאי (כמות × עלות יחידה) וסטטוס (תקין / מלאי נמוך - להזמין / אזל מהמלאי).
B10: מה לוח הבקרה מציג? | C10: שווי מלאי כולל, מספר פריטים, פריטים במלאי נמוך, פריטים שאזלו, והפריט היקר ביותר.
B11: טיפים | C11: עדכנו כמות בכל פעם שאתם לוקחים או מקבלים חומר — כך הדוח תמיד מדויק.
B13: שאלות נפוצות
B14: איך קובעים מלאי מינימום? | C14: לפי קצב הצריכה הרגיל שלכם — כמות שמספיקה עד ההזמנה הבאה, פלוס מרווח ביטחון.
B15: מה ההבדל בין 'מלאי נמוך' ל'אזל מהמלאי'? | C15: מלאי נמוך = כמות שווה או פחות ממלאי המינימום. אזל = כמות אפס או שלילית.
B16: אפשר לסנן לפי קטגוריה או ספק? | C16: כן — השתמשו בסינון (Filter) הרגיל של Excel/Sheets על כל עמודה.
