Workbook

Sheet לוח בקרה
B2: לוח בקרה — מחשבון תמחור ורווחיות
B3: JobMargin — דעו את הרווח האמיתי שלכם לפני שאתם מתמחרים
B5: סה"כ פרויקטים | C5: סה"כ רווח (₪) | D5: רווח ממוצע % | E5: עבודות רווחיות | F5: עבודות גבוליות | G5: עבודות לא רווחיות
B6: =COUNTA('שולחן עבודה'!A4:A28) | C6: =SUM('שולחן עבודה'!Z4:Z28) | D6: =IFERROR(AVERAGE('שולחן עבודה'!AA4:AA28),0) | E6: =COUNTIF('שולחן עבודה'!AC4:AC28,"עבודה רווחית") | F6: =COUNTIF('שולחן עבודה'!AC4:AC28,"גבולית") | G6: =COUNTIF('שולחן עבודה'!AC4:AC28,"לא רווחית")
B9: ⚠ תובנות עסקיות והתראות
B10: =IF(COUNTIF('שולחן עבודה'!AC4:AC28,"לא רווחית")>0,"יש "&COUNTIF('שולחן עבודה'!AC4:AC28,"לא רווחית")&" עבודות לא רווחיות — בדוק תמחור לפני שממשיכים.","אין עבודות לא רווחיות כרגע. כל הכבוד!")
B11: =IF(COUNTIF('שולחן עבודה'!AC4:AC28,"גבולית")>0,"יש "&COUNTIF('שולחן עבודה'!AC4:AC28,"גבולית")&" עבודות גבוליות — שווה לשקול העלאת מחיר.","אין עבודות גבוליות כרגע.")
B12: =IF(AVERAGE('שולחן עבודה'!AA4:AA28)<0.15,"הרווח הממוצע נמוך מ-15% — כדאי לבדוק את מבנה התמחור הכללי.","הרווח הממוצע בטווח בריא.")
B14: לשולחן העבודה המלא: לשונית שולחן עבודה

Sheet שולחן עבודה
A1: מחשבון תמחור ורווחיות
A2: הזינו נתונים בתאים הצהובים בלבד — כל שאר העמודות מחושבות אוטומטית
A3: שם פרויקט | B3: לקוח | C3: מס' עובדים | D3: עלות שעה לעובד (₪) | E3: שעות עבודה | F3: עלות חומרים (₪) | G3: נסיעות (₪) | H3: דלק (₪) | I3: חניה (₪) | J3: קבלני משנה (₪) | K3: ציוד (₪) | L3: השכרת כלים (₪) | M3: הוצאות נוספות (₪) | N3: תקורה % | O3: רווח יעד % | P3: מע"מ % | Q3: מחיר ללקוח (אם כבר סוכם) | R3: עלות עבודה | S3: עלות ישירה | T3: תקורה בש"ח | U3: עלות כוללת | V3: מחיר מינימום | W3: מחיר מומלץ | X3: מחיר מומלץ כולל מע"מ | Y3: מחיר בפועל | Z3: רווח בש"ח | AA3: רווח % (Margin) | AB3: Markup % | AC3: סטטוס | AD3: הערות
A4: שיפוץ מטבח - וילה כהן | B4: משפחת כהן | C4: 2 | D4: 90 | E4: 40 | F4: 8500 | G4: 300 | H4: 250 | I4: 80 | J4: 0 | K4: 600 | L4: 400 | M4: 350 | N4: 0.12 | O4: 0.25 | P4: 0.17 | R4: =C4*D4*E4 | S4: =F4+G4+H4+I4+J4+K4+L4+M4 | T4: =(R4+S4)*N4 | U4: =R4+S4+T4 | V4: =IFERROR(U4/(1-O4),0) | W4: =CEILING(V4,10) | X4: =W4*(1+P4) | Y4: =IF(Q4>0,Q4,W4) | Z4: =Y4-U4 | AA4: =IFERROR(Z4/Y4,0) | AB4: =IFERROR(Z4/U4,0) | AC4: =IF(U4=0,"-",IF(AA4>=O4*0.9,"עבודה רווחית",IF(AA4>=0,"גבולית","לא רווחית")))
A5: החלפת לוח חשמל | B5: עו"ד לוי | C5: 1 | D5: 110 | E5: 10 | F5: 1200 | G5: 0 | H5: 80 | I5: 0 | J5: 0 | K5: 0 | L5: 0 | M5: 100 | N5: 0.1 | O5: 0.3 | P5: 0.17 | Q5: 4200 | R5: =C5*D5*E5 | S5: =F5+G5+H5+I5+J5+K5+L5+M5 | T5: =(R5+S5)*N5 | U5: =R5+S5+T5 | V5: =IFERROR(U5/(1-O5),0) | W5: =CEILING(V5,10) | X5: =W5*(1+P5) | Y5: =IF(Q5>0,Q5,W5) | Z5: =Y5-U5 | AA5: =IFERROR(Z5/Y5,0) | AB5: =IFERROR(Z5/U5,0) | AC5: =IF(U5=0,"-",IF(AA5>=O5*0.9,"עבודה רווחית",IF(AA5>=0,"גבולית","לא רווחית")))
A6: התקנת מיזוג 3 יח' | B6: מסעדת האורן | C6: 2 | D6: 95 | E6: 16 | F6: 3200 | G6: 150 | H6: 180 | I6: 40 | J6: 1500 | K6: 300 | L6: 0 | M6: 200 | N6: 0.15 | O6: 0.2 | P6: 0.17 | R6: =C6*D6*E6 | S6: =F6+G6+H6+I6+J6+K6+L6+M6 | T6: =(R6+S6)*N6 | U6: =R6+S6+T6 | V6: =IFERROR(U6/(1-O6),0) | W6: =CEILING(V6,10) | X6: =W6*(1+P6) | Y6: =IF(Q6>0,Q6,W6) | Z6: =Y6-U6 | AA6: =IFERROR(Z6/Y6,0) | AB6: =IFERROR(Z6/U6,0) | AC6: =IF(U6=0,"-",IF(AA6>=O6*0.9,"עבודה רווחית",IF(AA6>=0,"גבולית","לא רווחית")))
A7: איטום גג | B7: בניין משותף רוטשילד | C7: 3 | D7: 85 | E7: 24 | F7: 4100 | G7: 200 | H7: 300 | I7: 60 | J7: 0 | K7: 450 | L7: 250 | M7: 300 | N7: 0.12 | O7: 0.22 | P7: 0.17 | R7: =C7*D7*E7 | S7: =F7+G7+H7+I7+J7+K7+L7+M7 | T7: =(R7+S7)*N7 | U7: =R7+S7+T7 | V7: =IFERROR(U7/(1-O7),0) | W7: =CEILING(V7,10) | X7: =W7*(1+P7) | Y7: =IF(Q7>0,Q7,W7) | Z7: =Y7-U7 | AA7: =IFERROR(Z7/Y7,0) | AB7: =IFERROR(Z7/U7,0) | AC7: =IF(U7=0,"-",IF(AA7>=O7*0.9,"עבודה רווחית",IF(AA7>=0,"גבולית","לא רווחית")))
A8: ריצוף חדר אמבטיה | B8: דירת גורן | C8: 2 | D8: 90 | E8: 20 | F8: 2600 | G8: 100 | H8: 150 | I8: 30 | J8: 0 | K8: 0 | L8: 0 | M8: 150 | N8: 0.1 | O8: 0.28 | P8: 0.17 | Q8: 7500 | R8: =C8*D8*E8 | S8: =F8+G8+H8+I8+J8+K8+L8+M8 | T8: =(R8+S8)*N8 | U8: =R8+S8+T8 | V8: =IFERROR(U8/(1-O8),0) | W8: =CEILING(V8,10) | X8: =W8*(1+P8) | Y8: =IF(Q8>0,Q8,W8) | Z8: =Y8-U8 | AA8: =IFERROR(Z8/Y8,0) | AB8: =IFERROR(Z8/U8,0) | AC8: =IF(U8=0,"-",IF(AA8>=O8*0.9,"עבודה רווחית",IF(AA8>=0,"גבולית","לא רווחית")))
R9: =IF(C9="","",C9*D9*E9) | S9: =IF(C9="","",F9+G9+H9+I9+J9+K9+L9+M9) | T9: =IF(C9="","",(R9+S9)*N9) | U9: =IF(C9="","",R9+S9+T9) | V9: =IF(C9="","",IFERROR(U9/(1-O9),0)) | W9: =IF(C9="","",CEILING(V9,10)) | X9: =IF(C9="","",W9*(1+P9)) | Y9: =IF(C9="","",IF(Q9>0,Q9,W9)) | Z9: =IF(C9="","",Y9-U9) | AA9: =IF(C9="","",IFERROR(Z9/Y9,0)) | AB9: =IF(C9="","",IFERROR(Z9/U9,0)) | AC9: =IF(C9="","",IF(U9=0,"-",IF(AA9>=O9*0.9,"עבודה רווחית",IF(AA9>=0,"גבולית","לא רווחית"))))
R10: =IF(C10="","",C10*D10*E10) | S10: =IF(C10="","",F10+G10+H10+I10+J10+K10+L10+M10) | T10: =IF(C10="","",(R10+S10)*N10) | U10: =IF(C10="","",R10+S10+T10) | V10: =IF(C10="","",IFERROR(U10/(1-O10),0)) | W10: =IF(C10="","",CEILING(V10,10)) | X10: =IF(C10="","",W10*(1+P10)) | Y10: =IF(C10="","",IF(Q10>0,Q10,W10)) | Z10: =IF(C10="","",Y10-U10) | AA10: =IF(C10="","",IFERROR(Z10/Y10,0)) | AB10: =IF(C10="","",IFERROR(Z10/U10,0)) | AC10: =IF(C10="","",IF(U10=0,"-",IF(AA10>=O10*0.9,"עבודה רווחית",IF(AA10>=0,"גבולית","לא רווחית"))))
R11: =IF(C11="","",C11*D11*E11) | S11: =IF(C11="","",F11+G11+H11+I11+J11+K11+L11+M11) | T11: =IF(C11="","",(R11+S11)*N11) | U11: =IF(C11="","",R11+S11+T11) | V11: =IF(C11="","",IFERROR(U11/(1-O11),0)) | W11: =IF(C11="","",CEILING(V11,10)) | X11: =IF(C11="","",W11*(1+P11)) | Y11: =IF(C11="","",IF(Q11>0,Q11,W11)) | Z11: =IF(C11="","",Y11-U11) | AA11: =IF(C11="","",IFERROR(Z11/Y11,0)) | AB11: =IF(C11="","",IFERROR(Z11/U11,0)) | AC11: =IF(C11="","",IF(U11=0,"-",IF(AA11>=O11*0.9,"עבודה רווחית",IF(AA11>=0,"גבולית","לא רווחית"))))
R12: =IF(C12="","",C12*D12*E12) | S12: =IF(C12="","",F12+G12+H12+I12+J12+K12+L12+M12) | T12: =IF(C12="","",(R12+S12)*N12) | U12: =IF(C12="","",R12+S12+T12) | V12: =IF(C12="","",IFERROR(U12/(1-O12),0)) | W12: =IF(C12="","",CEILING(V12,10)) | X12: =IF(C12="","",W12*(1+P12)) | Y12: =IF(C12="","",IF(Q12>0,Q12,W12)) | Z12: =IF(C12="","",Y12-U12) | AA12: =IF(C12="","",IFERROR(Z12/Y12,0)) | AB12: =IF(C12="","",IFERROR(Z12/U12,0)) | AC12: =IF(C12="","",IF(U12=0,"-",IF(AA12>=O12*0.9,"עבודה רווחית",IF(AA12>=0,"גבולית","לא רווחית"))))
R13: =IF(C13="","",C13*D13*E13) | S13: =IF(C13="","",F13+G13+H13+I13+J13+K13+L13+M13) | T13: =IF(C13="","",(R13+S13)*N13) | U13: =IF(C13="","",R13+S13+T13) | V13: =IF(C13="","",IFERROR(U13/(1-O13),0)) | W13: =IF(C13="","",CEILING(V13,10)) | X13: =IF(C13="","",W13*(1+P13)) | Y13: =IF(C13="","",IF(Q13>0,Q13,W13)) | Z13: =IF(C13="","",Y13-U13) | AA13: =IF(C13="","",IFERROR(Z13/Y13,0)) | AB13: =IF(C13="","",IFERROR(Z13/U13,0)) | AC13: =IF(C13="","",IF(U13=0,"-",IF(AA13>=O13*0.9,"עבודה רווחית",IF(AA13>=0,"גבולית","לא רווחית"))))
R14: =IF(C14="","",C14*D14*E14) | S14: =IF(C14="","",F14+G14+H14+I14+J14+K14+L14+M14) | T14: =IF(C14="","",(R14+S14)*N14) | U14: =IF(C14="","",R14+S14+T14) | V14: =IF(C14="","",IFERROR(U14/(1-O14),0)) | W14: =IF(C14="","",CEILING(V14,10)) | X14: =IF(C14="","",W14*(1+P14)) | Y14: =IF(C14="","",IF(Q14>0,Q14,W14)) | Z14: =IF(C14="","",Y14-U14) | AA14: =IF(C14="","",IFERROR(Z14/Y14,0)) | AB14: =IF(C14="","",IFERROR(Z14/U14,0)) | AC14: =IF(C14="","",IF(U14=0,"-",IF(AA14>=O14*0.9,"עבודה רווחית",IF(AA14>=0,"גבולית","לא רווחית"))))
R15: =IF(C15="","",C15*D15*E15) | S15: =IF(C15="","",F15+G15+H15+I15+J15+K15+L15+M15) | T15: =IF(C15="","",(R15+S15)*N15) | U15: =IF(C15="","",R15+S15+T15) | V15: =IF(C15="","",IFERROR(U15/(1-O15),0)) | W15: =IF(C15="","",CEILING(V15,10)) | X15: =IF(C15="","",W15*(1+P15)) | Y15: =IF(C15="","",IF(Q15>0,Q15,W15)) | Z15: =IF(C15="","",Y15-U15) | AA15: =IF(C15="","",IFERROR(Z15/Y15,0)) | AB15: =IF(C15="","",IFERROR(Z15/U15,0)) | AC15: =IF(C15="","",IF(U15=0,"-",IF(AA15>=O15*0.9,"עבודה רווחית",IF(AA15>=0,"גבולית","לא רווחית"))))
R16: =IF(C16="","",C16*D16*E16) | S16: =IF(C16="","",F16+G16+H16+I16+J16+K16+L16+M16) | T16: =IF(C16="","",(R16+S16)*N16) | U16: =IF(C16="","",R16+S16+T16) | V16: =IF(C16="","",IFERROR(U16/(1-O16),0)) | W16: =IF(C16="","",CEILING(V16,10)) | X16: =IF(C16="","",W16*(1+P16)) | Y16: =IF(C16="","",IF(Q16>0,Q16,W16)) | Z16: =IF(C16="","",Y16-U16) | AA16: =IF(C16="","",IFERROR(Z16/Y16,0)) | AB16: =IF(C16="","",IFERROR(Z16/U16,0)) | AC16: =IF(C16="","",IF(U16=0,"-",IF(AA16>=O16*0.9,"עבודה רווחית",IF(AA16>=0,"גבולית","לא רווחית"))))
R17: =IF(C17="","",C17*D17*E17) | S17: =IF(C17="","",F17+G17+H17+I17+J17+K17+L17+M17) | T17: =IF(C17="","",(R17+S17)*N17) | U17: =IF(C17="","",R17+S17+T17) | V17: =IF(C17="","",IFERROR(U17/(1-O17),0)) | W17: =IF(C17="","",CEILING(V17,10)) | X17: =IF(C17="","",W17*(1+P17)) | Y17: =IF(C17="","",IF(Q17>0,Q17,W17)) | Z17: =IF(C17="","",Y17-U17) | AA17: =IF(C17="","",IFERROR(Z17/Y17,0)) | AB17: =IF(C17="","",IFERROR(Z17/U17,0)) | AC17: =IF(C17="","",IF(U17=0,"-",IF(AA17>=O17*0.9,"עבודה רווחית",IF(AA17>=0,"גבולית","לא רווחית"))))
R18: =IF(C18="","",C18*D18*E18) | S18: =IF(C18="","",F18+G18+H18+I18+J18+K18+L18+M18) | T18: =IF(C18="","",(R18+S18)*N18) | U18: =IF(C18="","",R18+S18+T18) | V18: =IF(C18="","",IFERROR(U18/(1-O18),0)) | W18: =IF(C18="","",CEILING(V18,10)) | X18: =IF(C18="","",W18*(1+P18)) | Y18: =IF(C18="","",IF(Q18>0,Q18,W18)) | Z18: =IF(C18="","",Y18-U18) | AA18: =IF(C18="","",IFERROR(Z18/Y18,0)) | AB18: =IF(C18="","",IFERROR(Z18/U18,0)) | AC18: =IF(C18="","",IF(U18=0,"-",IF(AA18>=O18*0.9,"עבודה רווחית",IF(AA18>=0,"גבולית","לא רווחית"))))
R19: =IF(C19="","",C19*D19*E19) | S19: =IF(C19="","",F19+G19+H19+I19+J19+K19+L19+M19) | T19: =IF(C19="","",(R19+S19)*N19) | U19: =IF(C19="","",R19+S19+T19) | V19: =IF(C19="","",IFERROR(U19/(1-O19),0)) | W19: =IF(C19="","",CEILING(V19,10)) | X19: =IF(C19="","",W19*(1+P19)) | Y19: =IF(C19="","",IF(Q19>0,Q19,W19)) | Z19: =IF(C19="","",Y19-U19) | AA19: =IF(C19="","",IFERROR(Z19/Y19,0)) | AB19: =IF(C19="","",IFERROR(Z19/U19,0)) | AC19: =IF(C19="","",IF(U19=0,"-",IF(AA19>=O19*0.9,"עבודה רווחית",IF(AA19>=0,"גבולית","לא רווחית"))))
R20: =IF(C20="","",C20*D20*E20) | S20: =IF(C20="","",F20+G20+H20+I20+J20+K20+L20+M20) | T20: =IF(C20="","",(R20+S20)*N20) | U20: =IF(C20="","",R20+S20+T20) | V20: =IF(C20="","",IFERROR(U20/(1-O20),0)) | W20: =IF(C20="","",CEILING(V20,10)) | X20: =IF(C20="","",W20*(1+P20)) | Y20: =IF(C20="","",IF(Q20>0,Q20,W20)) | Z20: =IF(C20="","",Y20-U20) | AA20: =IF(C20="","",IFERROR(Z20/Y20,0)) | AB20: =IF(C20="","",IFERROR(Z20/U20,0)) | AC20: =IF(C20="","",IF(U20=0,"-",IF(AA20>=O20*0.9,"עבודה רווחית",IF(AA20>=0,"גבולית","לא רווחית"))))
... R28: =IF(C28="","",C28*D28*E28) | S28: =IF(C28="","",F28+G28+H28+I28+J28+K28+L28+M28) | T28: =IF(C28="","",(R28+S28)*N28) | U28: =IF(C28="","",R28+S28+T28) | V28: =IF(C28="","",IFERROR(U28/(1-O28),0)) | W28: =IF(C28="","",CEILING(V28,10)) | X28: =IF(C28="","",W28*(1+P28)) | Y28: =IF(C28="","",IF(Q28>0,Q28,W28)) | Z28: =IF(C28="","",Y28-U28) | AA28: =IF(C28="","",IFERROR(Z28/Y28,0)) | AB28: =IF(C28="","",IFERROR(Z28/U28,0)) | AC28: =IF(C28="","",IF(U28=0,"-",IF(AA28>=O28*0.9,"עבודה רווחית",IF(AA28>=0,"גבולית","לא רווחית"))))

Sheet התחלה מהירה
A1: התחלה מהירה
A2: 5 צעדים ואתם בפנים
A4: 1. עברו ללשונית 'שולחן עבודה' — שם נמצאת טבלת העבודה המרכזית.
A6: 2. מחקו את 5 שורות הדוגמה או השאירו אותן כהדגמה — הן מסומנות בצבע התאים הצהובים.
A8: 3. בכל שורה חדשה, מלאו רק את התאים הצהובים: שם פרויקט, לקוח, עובדים, שעות, עלות חומרים והוצאות.
A10: 4. הגדירו 'רווח יעד %' ו-'מע"מ %' לכל פרויקט — אלו קובעים את המחיר המומלץ.
A12: 5. עברו ל-לוח הבקרה כדי לראות סיכום מיידי של הרווחיות של כל העבודות שלכם.
A14: טיפ: כל תא צהוב = תא להזנה. כל תא לבן = מחושב אוטומטית. לעולם אל תקלידו ישירות בתוך תאים לבנים. שם הפרויקט חייב להיות זהה בכל המוצרים כדי שהקישור ביניהם יעבוד.

Sheet מדריך שימוש
A1: מדריך שימוש
A2: הסבר מלא לכל שדה ולכל חישוב
B4: מה זה? | C4: מחשבון תמחור ורווחיות שמראה לכם בדיוק כמה עולה לכם כל עבודה וכמה אתם צריכים לגבות כדי להרוויח.
B5: למי זה מתאים? | C5: חשמלאים, קבלנים, שרברבים, צבעים, נגרים, מתקיני מיזוג ואוויר, וכל בעל מקצוע שמתמחר עבודות.
B6: איזו בעיה זה פותר? | C6: תמחור על פי תחושת בטן שגורם להפסדים סמויים — עבודות שנראות טוב על הנייר אבל בפועל לא משתלמות.
B7: איך מתחילים? | C7: מלאו שורה אחת עבור כל עבודה/פרויקט בלשונית שולחן עבודה, בתאים הצהובים בלבד.
B8: מה צריך להזין? | C8: שם הפרויקט, לקוח, מספר עובדים, עלות שעה, שעות עבודה, עלות חומרים, כל ההוצאות הנלוות (נסיעות, דלק, חניה, קבלני משנה, ציוד, השכרות), אחוז תקורה, אחוז רווח יעד ואחוז מע"מ.
B9: מה מחושב אוטומטית? | C9: עלות עבודה, עלות ישירה, תקורה בש"ח, עלות כוללת, מחיר מינימום, מחיר מומלץ (כולל ובלי מע"מ), רווח בש"ח, רווח % (Margin), Markup % וסטטוס רווחיות.
B10: מה לוח הבקרה מציג? | C10: מספר פרויקטים כולל, סך רווח, רווח ממוצע, וכמות עבודות רווחיות/גבוליות/לא רווחיות, בתוספת התראות עסקיות.
B11: Margin מול Markup — מה ההבדל? | C11: Margin = רווח חלקי מחיר המכירה. Markup = רווח חלקי עלות. שני המספרים חשובים אך אומרים דברים שונים — Margin אומר כמה מכל שקל שנכנס נשאר רווח, Markup אומר באיזה אחוז העלינו את המחיר מעל העלות.
B12: איך המחיר המומלץ מחושב? | C12: מחיר מינימום = עלות כוללת ÷ (1 - רווח יעד%). כך שהרווח יעד מובטח כאחוז מהמחיר הסופי, לא רק מעל העלות. המחיר המומלץ מעוגל כלפי מעלה ל-10 הקרוב לנוחות.
B13: למה 'שם פרויקט' ולא מספר פרויקט? | C13: כל המוצרים במערכת מתחברים ביניהם לפי שם הפרויקט (למשל: 'שיפוץ מטבח - וילה כהן'). חשוב להקליד את שם הפרויקט באותו אופן בדיוק בכל מוצר שבו הוא מופיע, כדי שהחיבור בין הטבלאות יעבוד נכון.
B14: טיפים | C14: 1) קבעו רווח יעד לפי סוג העבודה — עבודות מורכבות/דחופות ראויות ליעד גבוה יותר. 2) עדכנו עלות שעה כשהיא משתנה. 3) בדקו את לוח הבקרה לפני שליחת הצעות מחיר חדשות.
B16: שאלות נפוצות
B17: האם זה עובד ב-Google Sheets? | C17: כן. יש להעלות את הקובץ ל-Google Drive ולפתוח עם Google Sheets. כל הנוסחאות והעיצוב המותנה נתמכים.
B18: איך מוחקים את נתוני הדוגמה? | C18: סמנו את השורות 4-8 בלשונית שולחן עבודה, לחצו קליק ימני > מחיקת שורה, או פשוט מחקו את התוכן בתאים הצהובים.
B19: אפשר להוסיף שורות נוספות? | C19: כן, פשוט העתיקו שורה קיימת (כולל הנוסחאות) והדביקו מתחת לטבלה.
B20: המספרים לא מתעדכנים, מה עושים? | C20: ודאו שחישוב אוטומטי פעיל בתוכנה: Excel > נוסחאות > אפשרויות חישוב > אוטומטי.
