Workbook

Sheet לוח בקרה
B2: לוח בקרה — ניהול גבייה
B3: ContractorOS — קבלו תשלום בזמן, בכל פעם
B5: סה"כ חיוב (₪) | C5: סה"כ שולם (₪) | D5: יתרה לגבייה (₪) | E5: חשבוניות באיחור | F5: אחוז גבייה
B6: =SUM('שולחן עבודה'!E4:E33) | C6: =SUM('שולחן עבודה'!F4:F33) | D6: =SUM('שולחן עבודה'!G4:G33) | E6: =COUNTIF('שולחן עבודה'!I4:I33,"באיחור") | F6: =IFERROR(SUM('שולחן עבודה'!F4:F33)/SUM('שולחן עבודה'!E4:E33),0)
B9: ⚠ תובנות עסקיות והתראות
B10: =IF(COUNTIF('שולחן עבודה'!I4:I33,"באיחור")>0,"יש "&COUNTIF('שולחן עבודה'!I4:I33,"באיחור")&" תשלומים באיחור — כדאי ליצור קשר עם הלקוחות.","אין תשלומים באיחור כרגע.")
B11: =IF(SUM('שולחן עבודה'!G4:G33)>SUM('שולחן עבודה'!E4:E33)*0.3,"מעל 30% מהחיוב הכולל עדיין לא נגבה.","רמת הגבייה בטווח בריא.")

Sheet שולחן עבודה
A1: ניהול גבייה
A2: הזינו נתונים בתאים הצהובים בלבד — יתרה וסטטוס מחושבים אוטומטית
A3: לקוח | B3: שם פרויקט | C3: מס' חשבונית | D3: תאריך הפקה | E3: סכום | F3: תשלום שבוצע | G3: יתרה | H3: תאריך יעד | I3: סטטוס | J3: הערות
A4: משפחת כהן | B4: שיפוץ מטבח - וילה כהן | C4: INV-2001 | D4: 46032 | E4: 8000 | F4: 8000 | G4: =E4-F4 | H4: 46046 | I4: =IF(G4<=0,"שולם",IF(F4=0,IF(TODAY()>H4,"באיחור","פתוח"),IF(TODAY()>H4,"באיחור","שולם חלקית")))
A5: עו"ד לוי | B5: החלפת לוח חשמל | C5: INV-2002 | D5: 46054 | E5: 4200 | F5: 2000 | G5: =E5-F5 | H5: 46068 | I5: =IF(G5<=0,"שולם",IF(F5=0,IF(TODAY()>H5,"באיחור","פתוח"),IF(TODAY()>H5,"באיחור","שולם חלקית")))
A6: מסעדת האורן | B6: התקנת מיזוג 3 יח' | C6: INV-2003 | D6: 46042 | E6: 5000 | F6: 0 | G6: =E6-F6 | H6: 46049 | I6: =IF(G6<=0,"שולם",IF(F6=0,IF(TODAY()>H6,"באיחור","פתוח"),IF(TODAY()>H6,"באיחור","שולם חלקית")))
A7: בניין רוטשילד | B7: איטום גג | C7: INV-2004 | D7: 46006 | E7: 6800 | F7: 6800 | G7: =E7-F7 | H7: 46020 | I7: =IF(G7<=0,"שולם",IF(F7=0,IF(TODAY()>H7,"באיחור","פתוח"),IF(TODAY()>H7,"באיחור","שולם חלקית")))
A8: דירת גורן | B8: ריצוף חדר אמבטיה | C8: INV-2005 | D8: 46058 | E8: 7500 | F8: 0 | G8: =E8-F8 | H8: 46072 | I8: =IF(G8<=0,"שולם",IF(F8=0,IF(TODAY()>H8,"באיחור","פתוח"),IF(TODAY()>H8,"באיחור","שולם חלקית")))
G9: =IF(C9="","",E9-F9) | I9: =IF(C9="","",IF(G9<=0,"שולם",IF(F9=0,IF(TODAY()>H9,"באיחור","פתוח"),IF(TODAY()>H9,"באיחור","שולם חלקית"))))
G10: =IF(C10="","",E10-F10) | I10: =IF(C10="","",IF(G10<=0,"שולם",IF(F10=0,IF(TODAY()>H10,"באיחור","פתוח"),IF(TODAY()>H10,"באיחור","שולם חלקית"))))
G11: =IF(C11="","",E11-F11) | I11: =IF(C11="","",IF(G11<=0,"שולם",IF(F11=0,IF(TODAY()>H11,"באיחור","פתוח"),IF(TODAY()>H11,"באיחור","שולם חלקית"))))
G12: =IF(C12="","",E12-F12) | I12: =IF(C12="","",IF(G12<=0,"שולם",IF(F12=0,IF(TODAY()>H12,"באיחור","פתוח"),IF(TODAY()>H12,"באיחור","שולם חלקית"))))
G13: =IF(C13="","",E13-F13) | I13: =IF(C13="","",IF(G13<=0,"שולם",IF(F13=0,IF(TODAY()>H13,"באיחור","פתוח"),IF(TODAY()>H13,"באיחור","שולם חלקית"))))
G14: =IF(C14="","",E14-F14) | I14: =IF(C14="","",IF(G14<=0,"שולם",IF(F14=0,IF(TODAY()>H14,"באיחור","פתוח"),IF(TODAY()>H14,"באיחור","שולם חלקית"))))
G15: =IF(C15="","",E15-F15) | I15: =IF(C15="","",IF(G15<=0,"שולם",IF(F15=0,IF(TODAY()>H15,"באיחור","פתוח"),IF(TODAY()>H15,"באיחור","שולם חלקית"))))
G16: =IF(C16="","",E16-F16) | I16: =IF(C16="","",IF(G16<=0,"שולם",IF(F16=0,IF(TODAY()>H16,"באיחור","פתוח"),IF(TODAY()>H16,"באיחור","שולם חלקית"))))
G17: =IF(C17="","",E17-F17) | I17: =IF(C17="","",IF(G17<=0,"שולם",IF(F17=0,IF(TODAY()>H17,"באיחור","פתוח"),IF(TODAY()>H17,"באיחור","שולם חלקית"))))
G18: =IF(C18="","",E18-F18) | I18: =IF(C18="","",IF(G18<=0,"שולם",IF(F18=0,IF(TODAY()>H18,"באיחור","פתוח"),IF(TODAY()>H18,"באיחור","שולם חלקית"))))
G19: =IF(C19="","",E19-F19) | I19: =IF(C19="","",IF(G19<=0,"שולם",IF(F19=0,IF(TODAY()>H19,"באיחור","פתוח"),IF(TODAY()>H19,"באיחור","שולם חלקית"))))
G20: =IF(C20="","",E20-F20) | I20: =IF(C20="","",IF(G20<=0,"שולם",IF(F20=0,IF(TODAY()>H20,"באיחור","פתוח"),IF(TODAY()>H20,"באיחור","שולם חלקית"))))
... G33: =IF(C33="","",E33-F33) | I33: =IF(C33="","",IF(G33<=0,"שולם",IF(F33=0,IF(TODAY()>H33,"באיחור","פתוח"),IF(TODAY()>H33,"באיחור","שולם חלקית"))))

Sheet התחלה מהירה
A1: התחלה מהירה
A2: 5 צעדים ואתם בפנים
A4: 1. עברו ללשונית 'שולחן עבודה'.
A6: 2. הוסיפו שורה לכל חשבונית/דרישת תשלום — לקוח, פרויקט, מספר חשבונית, תאריך הפקה וסכום.
A8: 3. עדכנו 'תשלום שבוצע' בכל פעם שמתקבל תשלום — היתרה מתעדכנת אוטומטית.
A10: 4. הזינו תאריך יעד לתשלום — הסטטוס (שולם/פתוח/שולם חלקית/באיחור) מתעדכן אוטומטית לפי התאריך.
A12: 5. עברו ל-לוח הבקרה לראות כמה עדיין צריך לגבות ומי באיחור.
A14: טיפ: בדקו את לוח הבקרה פעם בשבוע ופנו מיידית ללקוחות שסומנו 'באיחור'.

Sheet מדריך שימוש
A1: מדריך שימוש
A2: הסבר מלא לכל שדה ולכל חישוב
B4: מה זה? | C4: כלי למעקב גבייה — כמה חויב, כמה שולם, וכמה עדיין נשאר לגבות מכל לקוח.
B5: למי זה מתאים? | C5: כל בעל מקצוע שמנפיק חשבוניות/דרישות תשלום ורוצה למנוע תשלומים שנשכחים.
B6: איזו בעיה זה פותר? | C6: תזרים מזומנים שנפגע כי לקוחות משלמים באיחור בלי שאתם שמים לב.
B7: איך מתחילים? | C7: הזינו כל חשבונית כשורה, עדכנו תשלומים שמתקבלים.
B8: מה צריך להזין? | C8: לקוח, פרויקט, מס' חשבונית, תאריך הפקה, סכום, תשלום שבוצע, תאריך יעד.
B9: מה מחושב אוטומטית? | C9: יתרה לתשלום וסטטוס (שולם/פתוח/שולם חלקית/באיחור) — לפי תאריך היום מול תאריך היעד.
B10: מה לוח הבקרה מציג? | C10: סה"כ חיוב, סה"כ שולם, יתרה לגבייה, מספר חשבוניות באיחור, ואחוז גבייה כללי.
B11: טיפים | C11: עדכנו תשלומים חלקיים מיד עם קבלתם — כך הסטטוס תמיד משקף מציאות.
B13: שאלות נפוצות
B14: איך הסטטוס 'באיחור' מחושב? | C14: אוטומטית: אם היתרה גדולה מ-0 ותאריך היום עבר את תאריך היעד.
B15: אפשר לערוך את הסטטוס ידנית? | C15: הסטטוס מבוסס נוסחה כדי שיישאר תמיד מדויק; לשינוי ידני יש להחליף לתא רגיל.
B16: מה לגבי תשלומים בשקים/מזומן? | C16: הזינו את הסכום שהתקבל בפועל בעמודה 'תשלום שבוצע', ללא קשר לאמצעי התשלום.
