Workbook

Sheet לוח בקרה
B2: לוח בקרה — ניהול ביצוע פרויקט
B3: ContractorOS — הריצו כל פרויקט לפי לוח זמנים
B5: סה"כ משימות | C5: הושלמו | D5: בביצוע | E5: באיחור | F5: אחוז השלמת פרויקט | G5: תאריך היעד הקרוב ביותר
B6: =COUNTA('שולחן עבודה'!A4:A38) | C6: =COUNTIF('שולחן עבודה'!H4:H38,"הושלם") | D6: =COUNTIF('שולחן עבודה'!H4:H38,"בביצוע") | E6: =SUMPRODUCT((ISNUMBER('שולחן עבודה'!K4:K38))*('שולחן עבודה'!K4:K38<0)) | F6: =IFERROR(AVERAGE('שולחן עבודה'!I4:I38),0) | G6: =IF(COUNTIFS('שולחן עבודה'!H4:H38,"<>הושלם",'שולחן עבודה'!H4:H38,"<>בוטל")=0,"-",_xlfn.MINIFS('שולחן עבודה'!G4:G38,'שולחן עבודה'!H4:H38,"<>הושלם",'שולחן עבודה'!H4:H38,"<>בוטל"))
B9: ⚠ תובנות עסקיות והתראות
B10: =IF(SUMPRODUCT((ISNUMBER('שולחן עבודה'!K4:K38))*('שולחן עבודה'!K4:K38<0))>0,"יש "&SUMPRODUCT((ISNUMBER('שולחן עבודה'!K4:K38))*('שולחן עבודה'!K4:K38<0))&" משימות באיחור.","אין משימות באיחור כרגע.")
B11: =IF(AVERAGE('שולחן עבודה'!I4:I38)<0.5,"אחוז ההשלמה הכולל מתחת ל-50% — בדקו התקדמות.","הפרויקט מתקדם בקצב סביר.")

Sheet שולחן עבודה
A1: ניהול ביצוע פרויקט
A2: הזינו נתונים בתאים הצהובים בלבד — ימים שנותרו מחושבים אוטומטית
A3: מס' משימה | B3: שם פרויקט | C3: משימה | D3: קטגוריה | E3: אחראי | F3: תאריך התחלה | G3: תאריך יעד | H3: סטטוס | I3: אחוז השלמה | J3: עדיפות | K3: ימים שנותרו | L3: הערות
A4: T-001 | B4: שיפוץ מטבח - וילה כהן | C4: פירוק והריסה | D4: הריסה | E4: דוד אזולאי | F4: 46032 | G4: 46034 | H4: הושלם | I4: 1 | J4: גבוהה | K4: =IF(H4="הושלם","-",IF(H4="בוטל","-",G4-TODAY()))
A5: T-002 | B5: שיפוץ מטבח - וילה כהן | C5: עבודות חשמל | D5: חשמל | E5: משה כהן | F5: 46034 | G5: 46040 | H5: בביצוע | I5: 0.6 | J5: גבוהה | K5: =IF(H5="הושלם","-",IF(H5="בוטל","-",G5-TODAY()))
A6: T-003 | B6: שיפוץ מטבח - וילה כהן | C6: עבודות אינסטלציה | D6: אינסטלציה | E6: רון לוי | F6: 46036 | G6: 46042 | H6: בביצוע | I6: 0.4 | J6: גבוהה | K6: =IF(H6="הושלם","-",IF(H6="בוטל","-",G6-TODAY()))
A7: T-004 | B7: שיפוץ מטבח - וילה כהן | C7: התקנת ארונות מטבח | D7: נגרות | E7: קבלן משנה | F7: 46044 | G7: 46050 | H7: טרם החל | I7: 0 | J7: בינונית | K7: =IF(H7="הושלם","-",IF(H7="בוטל","-",G7-TODAY()))
A8: T-005 | B8: שיפוץ מטבח - וילה כהן | C8: צביעה סופית | D8: צבע | E8: קבלן משנה | F8: 46051 | G8: 46055 | H8: ממתין | I8: 0 | J8: נמוכה | K8: =IF(H8="הושלם","-",IF(H8="בוטל","-",G8-TODAY())) | L8: ממתין לסיום עבודות נגרות
K9: =IF(C9="","",IF(H9="הושלם","-",IF(H9="בוטל","-",G9-TODAY())))
K10: =IF(C10="","",IF(H10="הושלם","-",IF(H10="בוטל","-",G10-TODAY())))
K11: =IF(C11="","",IF(H11="הושלם","-",IF(H11="בוטל","-",G11-TODAY())))
K12: =IF(C12="","",IF(H12="הושלם","-",IF(H12="בוטל","-",G12-TODAY())))
K13: =IF(C13="","",IF(H13="הושלם","-",IF(H13="בוטל","-",G13-TODAY())))
K14: =IF(C14="","",IF(H14="הושלם","-",IF(H14="בוטל","-",G14-TODAY())))
K15: =IF(C15="","",IF(H15="הושלם","-",IF(H15="בוטל","-",G15-TODAY())))
K16: =IF(C16="","",IF(H16="הושלם","-",IF(H16="בוטל","-",G16-TODAY())))
K17: =IF(C17="","",IF(H17="הושלם","-",IF(H17="בוטל","-",G17-TODAY())))
K18: =IF(C18="","",IF(H18="הושלם","-",IF(H18="בוטל","-",G18-TODAY())))
K19: =IF(C19="","",IF(H19="הושלם","-",IF(H19="בוטל","-",G19-TODAY())))
K20: =IF(C20="","",IF(H20="הושלם","-",IF(H20="בוטל","-",G20-TODAY())))
... K38: =IF(C38="","",IF(H38="הושלם","-",IF(H38="בוטל","-",G38-TODAY())))

Sheet התחלה מהירה
A1: התחלה מהירה
A2: 5 צעדים ואתם בפנים
A4: 1. עברו ללשונית 'שולחן עבודה'.
A6: 2. פרקו את הפרויקט למשימות — הוסיפו שורה לכל משימה עם שם הפרויקט, אחראי ותאריכים.
A8: 3. עדכנו סטטוס ואחוז השלמה ככל שהעבודה מתקדמת.
A10: 4. הימים שנותרו לתאריך היעד מחושבים אוטומטית — שליליים = איחור.
A12: 5. עברו ל-לוח הבקרה לראות כמה משימות הושלמו, כמה באיחור, ומה אחוז ההשלמה הכולל.
A14: טיפ: עדכנו סטטוס משימות מדי יום — כך הדוח תמיד משקף את המצב האמיתי בשטח. השתמשו באותו שם פרויקט כמו בשאר המוצרים.

Sheet מדריך שימוש
A1: מדריך שימוש
A2: הסבר מלא לכל שדה ולכל חישוב
B4: מה זה? | C4: כלי לניהול ביצוע פרויקט — פירוק לפי משימות, אחראים ותאריכי יעד.
B5: למי זה מתאים? | C5: קבלנים שמנהלים פרויקטים עם כמה שלבי עבודה ואחראים שונים.
B6: איזו בעיה זה פותר? | C6: משימות שנשכחות או מתעכבות בלי שאף אחד שם לב עד שכבר מאוחר.
B7: איך מתחילים? | C7: פרקו את הפרויקט למשימות קטנות וברות-מדידה, עם אחראי ותאריך יעד לכל אחת.
B8: מה צריך להזין? | C8: מספר משימה, שם פרויקט, שם המשימה, קטגוריה, אחראי, תאריך התחלה, תאריך יעד, סטטוס, אחוז השלמה, עדיפות.
B9: מה מחושב אוטומטית? | C9: ימים שנותרו לתאריך היעד (שלילי = באיחור).
B10: מה לוח הבקרה מציג? | C10: סה"כ משימות, הושלמו, בביצוע, באיחור, אחוז השלמה כולל, ותאריך היעד הקרוב ביותר.
B11: טיפים | C11: 1) עדכנו סטטוס יומי. 2) תעדפו משימות עם 'ימים שנותרו' נמוך או שלילי.
B13: שאלות נפוצות
B14: איך 'ימים שנותרו' מחושב? | C14: תאריך היעד פחות תאריך היום. מספר שלילי = המשימה באיחור.
B15: מה קורה כשמשימה מסומנת 'הושלם'? | C15: עמודת 'ימים שנותרו' מציגה '-' במקום מספר, כי היא כבר לא רלוונטית.
B16: אפשר לנהל כמה פרויקטים בו-זמנית? | C16: כן — כל שורה משויכת לשם פרויקט, כך שאפשר לסנן או למיין לפי פרויקט בודד.
