Workbook

Sheet לוח בקרה
B2: לוח בקרה — תכנון תזרים מזומנים
B3: JobMargin — דעו כמה זמן המזומן שלכם יחזיק, לפני שזו בעיה
B5: יתרת סגירה נוכחית (₪) | C5: ממוצע נטו חודשי (₪) | D5: חודשים בגירעון | E5: היתרה הנמוכה ביותר (₪) | F5: טווח החזקת מזומן (חודשים)
B6: ='שולחן עבודה'!H15 | C6: =AVERAGE('שולחן עבודה'!G4:G15) | D6: =COUNTIF('שולחן עבודה'!G4:G15,"<0") | E6: =MIN('שולחן עבודה'!H4:H15) | F6: =IF(AVERAGE('שולחן עבודה'!G4:G15)>=0,"∞",'שולחן עבודה'!H15/-AVERAGE('שולחן עבודה'!G4:G15))
B9: ⚠ תובנות עסקיות והתראות
B10: =IF(COUNTIF('שולחן עבודה'!G4:G15,"<0")>0,"יש "&COUNTIF('שולחן עבודה'!G4:G15,"<0")&" חודשים עם נטו שלילי — בדקו תזמון הוצאות.","כל החודשים ברווח נטו חיובי.")
B11: =IF(MIN('שולחן עבודה'!H4:H15)<0,"יש חודש עם יתרת סגירה שלילית — סיכון ממשי לתזרים!","היתרה החודשית נשארת חיובית לאורך כל השנה.")

Sheet שולחן עבודה
A1: תכנון תזרים מזומנים
A2: הזינו נתונים בתאים הצהובים בלבד — הנטו והיתרות מחושבים אוטומטית
A3: חודש | B3: יתרת פתיחה | C3: הכנסות צפויות | D3: הכנסות בפועל | E3: הוצאות צפויות | F3: הוצאות בפועל | G3: נטו (בפועל) | H3: יתרת סגירה
A4: ינואר | B4: 15000 | C4: 35000 | D4: 42000 | E4: 26000 | F4: 24000 | G4: =D4-F4 | H4: =B4+G4
A5: פברואר | B5: =H4 | C5: 30000 | D5: 27000 | E5: 25000 | F5: 26000 | G5: =D5-F5 | H5: =B5+G5
A6: מרץ | B6: =H5 | C6: 33000 | D6: 35000 | E6: 27000 | F6: 27500 | G6: =D6-F6 | H6: =B6+G6
A7: אפריל | B7: =H6 | C7: 34000 | D7: 31000 | E7: 26000 | F7: 28000 | G7: =D7-F7 | H7: =B7+G7
A8: מאי | B8: =H7 | C8: 36000 | D8: 38000 | E8: 28000 | F8: 27000 | G8: =D8-F8 | H8: =B8+G8
A9: יוני | B9: =H8 | C9: 32000 | D9: 29000 | E9: 27000 | F9: 29000 | G9: =D9-F9 | H9: =B9+G9
A10: יולי | B10: =H9 | C10: 30000 | D10: 26000 | E10: 26000 | F10: 27000 | G10: =D10-F10 | H10: =B10+G10
A11: אוגוסט | B11: =H10 | C11: 34000 | D11: 36000 | E11: 27000 | F11: 26000 | G11: =D11-F11 | H11: =B11+G11
A12: ספטמבר | B12: =H11 | C12: 35000 | D12: 33000 | E12: 28000 | F12: 28500 | G12: =D12-F12 | H12: =B12+G12
A13: אוקטובר | B13: =H12 | C13: 37000 | D13: 40000 | E13: 29000 | F13: 27000 | G13: =D13-F13 | H13: =B13+G13
A14: נובמבר | B14: =H13 | C14: 36000 | D14: 34000 | E14: 28000 | F14: 29000 | G14: =D14-F14 | H14: =B14+G14
A15: דצמבר | B15: =H14 | C15: 38000 | D15: 41000 | E15: 30000 | F15: 28000 | G15: =D15-F15 | H15: =B15+G15

Sheet התחלה מהירה
A1: התחלה מהירה
A2: 5 צעדים ואתם בפנים
A4: 1. עברו ללשונית 'שולחן עבודה' — טבלת 12 החודשים כבר מוכנה.
A6: 2. הזינו יתרת פתיחה לחודש הראשון בלבד — שאר החודשים ממשיכים אוטומטית.
A8: 3. מלאו הכנסות והוצאות צפויות (התכנון שלכם) לכל חודש.
A10: 4. עדכנו הכנסות והוצאות בפועל בסוף כל חודש.
A12: 5. עברו ל-לוח הבקרה לראות את יתרת הסגירה, החודשים החלשים, ואת טווח החזקת המזומן.
A14: טיפ: חודש עם יתרת סגירה אדומה = דגל אזהרה. תכננו מראש איך לגשר על הפער.

Sheet מדריך שימוש
A1: מדריך שימוש
A2: הסבר מלא לכל שדה ולכל חישוב
B4: מה זה? | C4: כלי לתכנון ומעקב תזרים מזומנים חודשי לאורך שנה שלמה.
B5: למי זה מתאים? | C5: בעלי עסק שרוצים לדעת מראש אם הם עומדים להיכנס למינוס בחודש מסוים.
B6: איזו בעיה זה פותר? | C6: הפתעות תזרימיות — לגלות שאין מספיק מזומן רק כשכבר צריך לשלם.
B7: איך מתחילים? | C7: הזינו יתרת פתיחה לינואר בלבד; כל שאר החודשים ממשיכים אוטומטית מהיתרה הקודמת.
B8: מה צריך להזין? | C8: הכנסות והוצאות צפויות (התכנון) והכנסות והוצאות בפועל, לכל חודש.
B9: מה מחושב אוטומטית? | C9: נטו חודשי (הכנסות בפועל פחות הוצאות בפועל) ויתרת סגירה (יתרת פתיחה + נטו).
B10: מה לוח הבקרה מציג? | C10: יתרת סגירה נוכחית, ממוצע נטו חודשי, מספר חודשים בגירעון, היתרה הנמוכה ביותר, וטווח החזקת המזומן.
B11: מה זה טווח החזקת מזומן? | C11: כמה חודשים היתרה הנוכחית תחזיק אם קצב ההוצאה נטו הממוצע יימשך.
B12: טיפים | C12: 1) עדכנו 'בפועל' בסוף כל חודש כדי לשמור על דיוק. 2) אם רואים חודש עם יתרה אדומה — תכננו דחיית הוצאה או זירוז גבייה.
B14: שאלות נפוצות
B15: איך מוסיפים שנה נוספת? | C15: העתיקו את 12 השורות מתחת לטבלה הקיימת עם 'חודש 1' חדש שמתחיל מיתרת הסגירה של דצמבר.
B16: מה אם אין לי נתוני 'בפועל' עדיין? | C16: השאירו 0 בינתיים — הנטו יחושב לפי מה שיש, ותוכלו לעדכן כשיהיו נתונים.
B17: הגרף לא מציג נתונים? | C17: ודאו שיש נתונים בעמודת יתרת הסגירה (H) לפחות בחלק מהחודשים.
