Workbook

Sheet Dashboard
B2: Project Budget Controller — Dashboard
B3: ContractorOS — Stay ahead of every budget overrun
B5: סה"כ תקציב | C5: סה"כ בפועל | D5: חריגה כוללת | E5: אחוז ניצול | F5: קטגוריות בחריגה
B6: =SUM('Main Workspace'!D4:D36) | C6: =SUM('Main Workspace'!E4:E36) | D6: =SUM('Main Workspace'!E4:E36)-SUM('Main Workspace'!D4:D36) | E6: =IFERROR(SUM('Main Workspace'!E4:E36)/SUM('Main Workspace'!D4:D36),0) | F6: =COUNTIF('Main Workspace'!H4:H36,"חריגה")
B9: ⚠ Business Insights / התראות
B10: =IF(COUNTIF('Main Workspace'!H4:H36,"חריגה")>0,"יש "&COUNTIF('Main Workspace'!H4:H36,"חריגה")&" קטגוריות בחריגת תקציב.","כל הקטגוריות בטווח התקציב.")
B11: =IF(SUM('Main Workspace'!E4:E36)>SUM('Main Workspace'!D4:D36),"סך ההוצאות בפועל גבוה מהתקציב הכולל!","התקציב הכולל בשליטה.")

Sheet Main Workspace
A1: בקרת תקציב פרויקט | Project Budget Controller
A2: הזינו נתונים בתאים הצהובים בלבד — כל שאר העמודות מחושבות אוטומטית
A3: מס' פרויקט | B3: שם פרויקט | C3: קטגוריה | D3: תקציב (Budget) | E3: בפועל (Actual) | F3: הפרש (Difference) | G3: חריגה % (Variance) | H3: סטטוס
A4: PRJ-0001 | B4: שיפוץ מטבח - וילה כהן | C4: חומרים | D4: 8500 | E4: 9200 | F4: =D4-E4 | G4: =IFERROR((E4-D4)/D4,0) | H4: =IF(D4=0,"-",IF(G4<=0,"בתקציב",IF(G4<=0.1,"דורש תשומת לב","חריגה")))
A5: PRJ-0001 | B5: שיפוץ מטבח - וילה כהן | C5: עובדים | D5: 7200 | E5: 7800 | F5: =D5-E5 | G5: =IFERROR((E5-D5)/D5,0) | H5: =IF(D5=0,"-",IF(G5<=0,"בתקציב",IF(G5<=0.1,"דורש תשומת לב","חריגה")))
A6: PRJ-0001 | B6: שיפוץ מטבח - וילה כהן | C6: קבלני משנה | D6: 2000 | E6: 1800 | F6: =D6-E6 | G6: =IFERROR((E6-D6)/D6,0) | H6: =IF(D6=0,"-",IF(G6<=0,"בתקציב",IF(G6<=0.1,"דורש תשומת לב","חריגה")))
A7: PRJ-0001 | B7: שיפוץ מטבח - וילה כהן | C7: כלי עבודה | D7: 600 | E7: 650 | F7: =D7-E7 | G7: =IFERROR((E7-D7)/D7,0) | H7: =IF(D7=0,"-",IF(G7<=0,"בתקציב",IF(G7<=0.1,"דורש תשומת לב","חריגה")))
A8: PRJ-0001 | B8: שיפוץ מטבח - וילה כהן | C8: תקורה | D8: 1200 | E8: 1150 | F8: =D8-E8 | G8: =IFERROR((E8-D8)/D8,0) | H8: =IF(D8=0,"-",IF(G8<=0,"בתקציב",IF(G8<=0.1,"דורש תשומת לב","חריגה")))
A9: PRJ-0002 | B9: החלפת לוח חשמל | C9: חומרים | D9: 1200 | E9: 1150 | F9: =D9-E9 | G9: =IFERROR((E9-D9)/D9,0) | H9: =IF(D9=0,"-",IF(G9<=0,"בתקציב",IF(G9<=0.1,"דורש תשומת לב","חריגה")))
A10: PRJ-0002 | B10: החלפת לוח חשמל | C10: עובדים | D10: 1100 | E10: 1100 | F10: =D10-E10 | G10: =IFERROR((E10-D10)/D10,0) | H10: =IF(D10=0,"-",IF(G10<=0,"בתקציב",IF(G10<=0.1,"דורש תשומת לב","חריגה")))
A11: PRJ-0002 | B11: החלפת לוח חשמל | C11: רישוי | D11: 300 | E11: 450 | F11: =D11-E11 | G11: =IFERROR((E11-D11)/D11,0) | H11: =IF(D11=0,"-",IF(G11<=0,"בתקציב",IF(G11<=0.1,"דורש תשומת לב","חריגה")))
F12: =IF(A12="","",D12-E12) | G12: =IF(A12="","",IFERROR((E12-D12)/D12,0)) | H12: =IF(A12="","",IF(D12=0,"-",IF(G12<=0,"בתקציב",IF(G12<=0.1,"דורש תשומת לב","חריגה"))))
F13: =IF(A13="","",D13-E13) | G13: =IF(A13="","",IFERROR((E13-D13)/D13,0)) | H13: =IF(A13="","",IF(D13=0,"-",IF(G13<=0,"בתקציב",IF(G13<=0.1,"דורש תשומת לב","חריגה"))))
F14: =IF(A14="","",D14-E14) | G14: =IF(A14="","",IFERROR((E14-D14)/D14,0)) | H14: =IF(A14="","",IF(D14=0,"-",IF(G14<=0,"בתקציב",IF(G14<=0.1,"דורש תשומת לב","חריגה"))))
F15: =IF(A15="","",D15-E15) | G15: =IF(A15="","",IFERROR((E15-D15)/D15,0)) | H15: =IF(A15="","",IF(D15=0,"-",IF(G15<=0,"בתקציב",IF(G15<=0.1,"דורש תשומת לב","חריגה"))))
F16: =IF(A16="","",D16-E16) | G16: =IF(A16="","",IFERROR((E16-D16)/D16,0)) | H16: =IF(A16="","",IF(D16=0,"-",IF(G16<=0,"בתקציב",IF(G16<=0.1,"דורש תשומת לב","חריגה"))))
F17: =IF(A17="","",D17-E17) | G17: =IF(A17="","",IFERROR((E17-D17)/D17,0)) | H17: =IF(A17="","",IF(D17=0,"-",IF(G17<=0,"בתקציב",IF(G17<=0.1,"דורש תשומת לב","חריגה"))))
F18: =IF(A18="","",D18-E18) | G18: =IF(A18="","",IFERROR((E18-D18)/D18,0)) | H18: =IF(A18="","",IF(D18=0,"-",IF(G18<=0,"בתקציב",IF(G18<=0.1,"דורש תשומת לב","חריגה"))))
F19: =IF(A19="","",D19-E19) | G19: =IF(A19="","",IFERROR((E19-D19)/D19,0)) | H19: =IF(A19="","",IF(D19=0,"-",IF(G19<=0,"בתקציב",IF(G19<=0.1,"דורש תשומת לב","חריגה"))))
F20: =IF(A20="","",D20-E20) | G20: =IF(A20="","",IFERROR((E20-D20)/D20,0)) | H20: =IF(A20="","",IF(D20=0,"-",IF(G20<=0,"בתקציב",IF(G20<=0.1,"דורש תשומת לב","חריגה"))))
F21: =IF(A21="","",D21-E21) | G21: =IF(A21="","",IFERROR((E21-D21)/D21,0)) | H21: =IF(A21="","",IF(D21=0,"-",IF(G21<=0,"בתקציב",IF(G21<=0.1,"דורש תשומת לב","חריגה"))))
F22: =IF(A22="","",D22-E22) | G22: =IF(A22="","",IFERROR((E22-D22)/D22,0)) | H22: =IF(A22="","",IF(D22=0,"-",IF(G22<=0,"בתקציב",IF(G22<=0.1,"דורש תשומת לב","חריגה"))))
F23: =IF(A23="","",D23-E23) | G23: =IF(A23="","",IFERROR((E23-D23)/D23,0)) | H23: =IF(A23="","",IF(D23=0,"-",IF(G23<=0,"בתקציב",IF(G23<=0.1,"דורש תשומת לב","חריגה"))))
... F36: =IF(A36="","",D36-E36) | G36: =IF(A36="","",IFERROR((E36-D36)/D36,0)) | H36: =IF(A36="","",IF(D36=0,"-",IF(G36<=0,"בתקציב",IF(G36<=0.1,"דורש תשומת לב","חריגה"))))

Sheet Quick Start
A1: התחלה מהירה | Quick Start
A2: 5 צעדים ואתם בפנים
A4: 1. עברו ללשונית 'Main Workspace'.
A6: 2. עבור כל פרויקט, הוסיפו שורה לכל קטגוריית הוצאה רלוונטית (חומרים, עובדים, קבלני משנה ועוד).
A8: 3. בחרו קטגוריה מהרשימה הנפתחת בעמודה C.
A10: 4. מלאו תקציב מתוכנן ועלות בפועל — ההפרש והחריגה % מחושבים אוטומטית.
A12: 5. עברו ל-Dashboard לראות תמונת מצב תקציבית מלאה על כל הפרויקטים.

Sheet User Guide
A1: מדריך שימוש | User Guide
A2: הסבר מלא לכל שדה ולכל חישוב
B4: מה זה? | C4: כלי לבקרת תקציב פרויקט מול ביצוע בפועל, לפי קטגוריות הוצאה.
B5: למי זה מתאים? | C5: קבלנים ובעלי מקצוע שמנהלים כמה פרויקטים במקביל ורוצים לדעת מיד איפה יש חריגה.
B6: איזו בעיה זה פותר? | C6: גילוי חריגות תקציב מאוחר מדי — אחרי שכבר אי אפשר לתקן.
B7: איך מתחילים? | C7: לכל פרויקט, פתחו שורה לכל קטגוריה שרלוונטית, הזינו תקציב ועדכנו בפועל תוך כדי העבודה.
B8: מה צריך להזין? | C8: מספר פרויקט, שם פרויקט, קטגוריה (מרשימה נפתחת), תקציב, בפועל.
B9: מה מחושב אוטומטית? | C9: הפרש (Difference), חריגה % (Variance), וסטטוס: בתקציב / דורש תשומת לב / חריגה.
B10: מה Dashboard מציג? | C10: סה"כ תקציב, סה"כ בפועל, חריגה כוללת, אחוז ניצול, ומספר הקטגוריות שחרגו.
B11: טיפים | C11: עדכנו 'בפועל' באופן שוטף, לא רק בסוף הפרויקט — כך תגלו חריגה מוקדם מספיק כדי לתקן.
B13: שאלות נפוצות (FAQ)
B14: מה ההבדל בין 'דורש תשומת לב' ל'חריגה'? | C14: דורש תשומת לב = חריגה של עד 10% מהתקציב. חריגה = מעל 10%.
B15: אפשר לעקוב אחרי כמה פרויקטים בו-זמנית? | C15: כן — כל שורה משויכת למספר פרויקט, כך שה-Dashboard מסכם את כולם יחד.
B16: איך מוסיפים קטגוריה חדשה? | C16: ערכו את רשימת הקטגוריות ב-Data Validation של עמודה C, או הקלידו קטגוריה חופשית בתא.
