Workbook

Sheet לוח בקרה
B2: לוח בקרה — מעקב שעות ועלות עובדים
B3: JobMargin — דעו את עלות העבודה האמיתית שלכם, כל יום
B5: סה"כ שעות | C5: עלות עבודה כוללת (₪) | D5: שעות נוספות כוללות | E5: עלות שעה ממוצעת (₪) | F5: ימי עבודה שנרשמו
B6: =SUM('שולחן עבודה'!F4:F38)+SUM('שולחן עבודה'!G4:G38) | C6: =SUM('שולחן עבודה'!J4:J38) | D6: =SUM('שולחן עבודה'!G4:G38) | E6: =IFERROR(SUM('שולחן עבודה'!J4:J38)/(SUM('שולחן עבודה'!F4:F38)+SUM('שולחן עבודה'!G4:G38)),0) | F6: =COUNTA('שולחן עבודה'!B4:B38)
B9: ⚠ תובנות עסקיות והתראות
B10: =IF(SUM('שולחן עבודה'!G4:G38)>20,"סך שעות נוספות גבוה החודש — בדקו עומס עבודה.","שעות נוספות בטווח סביר.")
B11: =IF(COUNTA('שולחן עבודה'!B4:B38)=0,"עדיין לא הוזנו נתוני שעות.","נתוני השעות מתעדכנים אוטומטית מהלשונית שולחן עבודה.")

Sheet שולחן עבודה
A1: מעקב שעות ועלות עובדים
A2: הזינו נתונים בתאים הצהובים בלבד — שעות ועלות מחושבות אוטומטית
A3: תאריך | B3: עובד | C3: פרויקט | D3: שעת התחלה | E3: שעת סיום | F3: שעות רגילות | G3: שעות נוספות | H3: עלות שעה (₪) | I3: מקדם נוספות | J3: עלות יומית (₪) | K3: הערות
A4: 46034 | B4: דוד אזולאי | C4: שיפוץ מטבח - וילה כהן | D4: 0.3125 | E4: 0.66666667 | F4: =MIN((E4-D4)*24,8) | G4: =MAX((E4-D4)*24-8,0) | H4: 85 | I4: 1.5 | J4: =F4*H4+G4*H4*I4
A5: 46034 | B5: משה כהן | C5: שיפוץ מטבח - וילה כהן | D5: 0.3125 | E5: 0.64583333 | F5: =MIN((E5-D5)*24,8) | G5: =MAX((E5-D5)*24-8,0) | H5: 85 | I5: 1.5 | J5: =F5*H5+G5*H5*I5
A6: 46035 | B6: דוד אזולאי | C6: החלפת לוח חשמל | D6: 0.33333333 | E6: 0.77083333 | F6: =MIN((E6-D6)*24,8) | G6: =MAX((E6-D6)*24-8,0) | H6: 90 | I6: 1.5 | J6: =F6*H6+G6*H6*I6
A7: 46035 | B7: רון לוי | C7: שיפוץ מטבח - וילה כהן | D7: 0.33333333 | E7: 0.66666667 | F7: =MIN((E7-D7)*24,8) | G7: =MAX((E7-D7)*24-8,0) | H7: 80 | I7: 1.5 | J7: =F7*H7+G7*H7*I7
A8: 46036 | B8: משה כהן | C8: החלפת לוח חשמל | D8: 0.33333333 | E8: 0.58333333 | F8: =MIN((E8-D8)*24,8) | G8: =MAX((E8-D8)*24-8,0) | H8: 85 | I8: 1.5 | J8: =F8*H8+G8*H8*I8
F9: =IF(B9="","",MIN((E9-D9)*24,8)) | G9: =IF(B9="","",MAX((E9-D9)*24-8,0)) | J9: =IF(B9="","",F9*H9+G9*H9*I9)
F10: =IF(B10="","",MIN((E10-D10)*24,8)) | G10: =IF(B10="","",MAX((E10-D10)*24-8,0)) | J10: =IF(B10="","",F10*H10+G10*H10*I10)
F11: =IF(B11="","",MIN((E11-D11)*24,8)) | G11: =IF(B11="","",MAX((E11-D11)*24-8,0)) | J11: =IF(B11="","",F11*H11+G11*H11*I11)
F12: =IF(B12="","",MIN((E12-D12)*24,8)) | G12: =IF(B12="","",MAX((E12-D12)*24-8,0)) | J12: =IF(B12="","",F12*H12+G12*H12*I12)
F13: =IF(B13="","",MIN((E13-D13)*24,8)) | G13: =IF(B13="","",MAX((E13-D13)*24-8,0)) | J13: =IF(B13="","",F13*H13+G13*H13*I13)
F14: =IF(B14="","",MIN((E14-D14)*24,8)) | G14: =IF(B14="","",MAX((E14-D14)*24-8,0)) | J14: =IF(B14="","",F14*H14+G14*H14*I14)
F15: =IF(B15="","",MIN((E15-D15)*24,8)) | G15: =IF(B15="","",MAX((E15-D15)*24-8,0)) | J15: =IF(B15="","",F15*H15+G15*H15*I15)
F16: =IF(B16="","",MIN((E16-D16)*24,8)) | G16: =IF(B16="","",MAX((E16-D16)*24-8,0)) | J16: =IF(B16="","",F16*H16+G16*H16*I16)
F17: =IF(B17="","",MIN((E17-D17)*24,8)) | G17: =IF(B17="","",MAX((E17-D17)*24-8,0)) | J17: =IF(B17="","",F17*H17+G17*H17*I17)
F18: =IF(B18="","",MIN((E18-D18)*24,8)) | G18: =IF(B18="","",MAX((E18-D18)*24-8,0)) | J18: =IF(B18="","",F18*H18+G18*H18*I18)
F19: =IF(B19="","",MIN((E19-D19)*24,8)) | G19: =IF(B19="","",MAX((E19-D19)*24-8,0)) | J19: =IF(B19="","",F19*H19+G19*H19*I19)
F20: =IF(B20="","",MIN((E20-D20)*24,8)) | G20: =IF(B20="","",MAX((E20-D20)*24-8,0)) | J20: =IF(B20="","",F20*H20+G20*H20*I20)
... F38: =IF(B38="","",MIN((E38-D38)*24,8)) | G38: =IF(B38="","",MAX((E38-D38)*24-8,0)) | J38: =IF(B38="","",F38*H38+G38*H38*I38)

Sheet התחלה מהירה
A1: התחלה מהירה
A2: 5 צעדים ואתם בפנים
A4: 1. עברו ללשונית 'שולחן עבודה'.
A6: 2. הוסיפו שורה לכל יום עבודה של כל עובד — תאריך, שם עובד, פרויקט, שעת התחלה ושעת סיום.
A8: 3. הזינו עלות שעה ומקדם שעות נוספות (בד"כ 1.5).
A10: 4. שעות רגילות (עד 8), שעות נוספות, ועלות יומית מחושבות אוטומטית.
A12: 5. עברו ל-לוח הבקרה לראות סה"כ שעות, עלות עבודה כוללת ושעות נוספות.
A14: טיפ: השתמשו באותו שם פרויקט (בדיוק כפי שהוא מופיע במוצרים האחרים), כדי שהעלות תתחבר נכון לכל פרויקט.

Sheet מדריך שימוש
A1: מדריך שימוש
A2: הסבר מלא לכל שדה ולכל חישוב
B4: מה זה? | C4: כלי למעקב שעות עבודה ועלות עובדים יומית, כולל חישוב אוטומטי של שעות נוספות.
B5: למי זה מתאים? | C5: קבלנים ובעלי עסק עם צוות עובדים שכירים או יומיים.
B6: איזו בעיה זה פותר? | C6: חוסר ידיעה כמה באמת עולה כוח האדם על כל פרויקט, כולל שעות נוספות.
B7: איך מתחילים? | C7: הזינו שעת התחלה וסיום לכל עובד בכל יום עבודה — השעות והעלות מחושבות אוטומטית.
B8: מה צריך להזין? | C8: תאריך, עובד, פרויקט, שעת התחלה, שעת סיום, עלות שעה, מקדם שעות נוספות.
B9: מה מחושב אוטומטית? | C9: שעות רגילות (עד 8 שעות ביום), שעות נוספות (מעבר ל-8), ועלות יומית.
B10: מה לוח הבקרה מציג? | C10: סה"כ שעות, עלות עבודה כוללת, שעות נוספות כוללות, עלות שעה ממוצעת, ומספר עובדים פעילים.
B11: טיפים | C11: עדכנו יומית כדי שהמעקב יהיה מדויק — קל יותר מלנסות לשחזר שעות בסוף החודש.
B13: שאלות נפוצות
B14: איך שעות נוספות מחושבות? | C14: כל שעה מעבר ל-8 שעות עבודה ביום נחשבת אוטומטית לשעה נוספת, ומוכפלת במקדם שהוגדר.
B15: אפשר לראות עלות לפי פרויקט? | C15: כן — סננו את הטבלה לפי שם פרויקט, או השתמשו ב-SUMIF על עמודת 'עלות יומית'.
B16: מה אם עובד עבד בשני פרויקטים באותו יום? | C16: הוסיפו שתי שורות נפרדות לאותו יום/עובד, אחת לכל פרויקט.
