Workbook

Sheet לוח בקרה
B2: לוח בקרה — ניהול תוספות וחריגים
B3: JobMargin — קבלו תשלום על כל תוספת שביצעתם
B5: סה"כ תוספות (₪) | C5: תוספות שאושרו (₪) | D5: ממתינות לאישור | E5: הושלם ולא חויב (₪) | F5: חויב ולא שולם (₪)
B6: =SUM('שולחן עבודה'!G4:G38) | C6: =SUMIF('שולחן עבודה'!H4:H38,"אושר",'שולחן עבודה'!G4:G38) | D6: =COUNTIF('שולחן עבודה'!H4:H38,"ממתין לאישור") | E6: =SUMIFS('שולחן עבודה'!G4:G38,'שולחן עבודה'!I4:I38,"הושלם",'שולחן עבודה'!J4:J38,"לא") | F6: =SUMIFS('שולחן עבודה'!G4:G38,'שולחן עבודה'!J4:J38,"כן",'שולחן עבודה'!K4:K38,"לא")
B9: ⚠ תובנות עסקיות והתראות
B10: =IF(COUNTIF('שולחן עבודה'!H4:H38,"ממתין לאישור")>0,"יש "&COUNTIF('שולחן עבודה'!H4:H38,"ממתין לאישור")&" תוספות ממתינות לאישור לקוח.","כל התוספות טופלו מבחינת אישור.")
B11: =IF(SUMIFS('שולחן עבודה'!G4:G38,'שולחן עבודה'!I4:I38,"הושלם",'שולחן עבודה'!J4:J38,"לא")>0,"יש עבודות תוספת שהושלמו אך טרם חויבו — כסף שממתין על השולחן!","כל העבודות שהושלמו כבר חויבו.")

Sheet שולחן עבודה
A1: ניהול תוספות וחריגים
A2: הזינו נתונים בתאים הצהובים בלבד — הסה"כ מחושב אוטומטית
A3: תאריך | B3: שם פרויקט | C3: לקוח | D3: תיאור התוספת | E3: כמות | F3: מחיר ליחידה | G3: סה"כ (₪) | H3: אישור לקוח | I3: סטטוס ביצוע | J3: חויב? | K3: שולם? | L3: הערות
A4: 46037 | B4: שיפוץ מטבח - וילה כהן | C4: משפחת כהן | D4: הוספת שקעים בסלון | E4: 4 | F4: 150 | G4: =E4*F4 | H4: אושר | I4: הושלם | J4: כן | K4: לא
A5: 46040 | B5: שיפוץ מטבח - וילה כהן | C5: משפחת כהן | D5: שדרוג לגופי תאורה LED | E5: 1 | F5: 1200 | G5: =E5*F5 | H5: אושר | I5: בביצוע | J5: לא | K5: לא
A6: 46042 | B6: החלפת לוח חשמל | C6: עו"ד לוי | D6: הוספת נקודת רשת נוספת | E6: 2 | F6: 180 | G6: =E6*F6 | H6: ממתין לאישור | I6: טרם החל | J6: לא | K6: לא
A7: 46044 | B7: איטום גג | C7: בניין רוטשילד | D7: איטום נוסף בפינת הגג | E7: 1 | F7: 900 | G7: =E7*F7 | H7: אושר | I7: הושלם | J7: כן | K7: כן
A8: 46047 | B8: ריצוף חדר אמבטיה | C8: דירת גורן | D8: החלפת אריחים לדגם משודרג | E8: 12 | F8: 45 | G8: =E8*F8 | H8: נדחה | I8: טרם החל | J8: לא | K8: לא | L8: הלקוח ויתר
G9: =IF(D9="","",E9*F9)
G10: =IF(D10="","",E10*F10)
G11: =IF(D11="","",E11*F11)
G12: =IF(D12="","",E12*F12)
G13: =IF(D13="","",E13*F13)
G14: =IF(D14="","",E14*F14)
G15: =IF(D15="","",E15*F15)
G16: =IF(D16="","",E16*F16)
G17: =IF(D17="","",E17*F17)
G18: =IF(D18="","",E18*F18)
G19: =IF(D19="","",E19*F19)
G20: =IF(D20="","",E20*F20)
... G38: =IF(D38="","",E38*F38)

Sheet התחלה מהירה
A1: התחלה מהירה
A2: 5 צעדים ואתם בפנים
A4: 1. עברו ללשונית 'שולחן עבודה'.
A6: 2. כשלקוח מבקש תוספת/שינוי מעבר להצעה המקורית, הוסיפו שורה עם תיאור, כמות ומחיר.
A8: 3. עדכנו את סטטוס אישור הלקוח — חשוב לתעד אישור *לפני* ביצוע התוספת.
A10: 4. עדכנו סטטוס ביצוע, ואז סמנו 'חויב' ו'שולם' בהתאם.
A12: 5. עברו ל-לוח הבקרה לוודא שאין עבודות שהושלמו בלי לחייב עליהן.
A14: טיפ: תוספת בעל פה = כסף שנשכח. תעדו כל תוספת כאן ברגע שהיא סוכמה עם הלקוח.

Sheet מדריך שימוש
A1: מדריך שימוש
A2: הסבר מלא לכל שדה ולכל חישוב
B4: מה זה? | C4: כלי למעקב אחר תוספות ושינויים מעבר להצעת המחיר המקורית.
B5: למי זה מתאים? | C5: כל קבלן שנתקל בבקשות 'אפשר גם...' מלקוחות במהלך העבודה.
B6: איזו בעיה זה פותר? | C6: תוספות שסוכמו בעל פה, בוצעו, ונשכחו — וכך מעולם לא חויבו.
B7: איך מתחילים? | C7: כל פעם שיש בקשת תוספת, תעדו אותה כאן מיד.
B8: מה צריך להזין? | C8: תאריך, פרויקט, לקוח, תיאור, כמות, מחיר ליחידה, אישור לקוח, סטטוס ביצוע, חויב, שולם.
B9: מה מחושב אוטומטית? | C9: סה"כ לכל תוספת (כמות × מחיר), וכל מדדי לוח הבקרה.
B10: מה לוח הבקרה מציג? | C10: סה"כ תוספות, תוספות מאושרות, ממתינות לאישור, הושלמו ולא חויבו, וחויבו ולא שולמו.
B11: טיפים | C11: 1) קבלו אישור לקוח *לפני* ביצוע תוספת, לא אחרי. 2) בדקו את הדוח 'הושלם ולא חויב' לפני סגירת חודש.
B13: שאלות נפוצות
B14: מה אם הלקוח מבקש תוספת בעל פה? | C14: תעדו אותה מיד בטבלה, גם אם האישור הפורמלי יגיע מאוחר יותר.
B15: איך זה מתחבר לפרויקט המקורי? | C15: דרך עמודת 'פרויקט' (שם הפרויקט), כך שאפשר לראות את כל התוספות של פרויקט מסוים — חשוב להקליד את השם זהה לכל המוצרים האחרים.
B16: מה ההבדל בין 'חויב' ל'שולם'? | C16: חויב = הוצאה חשבונית/דרישת תשלום. שולם = הכסף התקבל בפועל.
