Workbook

Sheet לוח בקרה
B2: לוח בקרה — בניית הצעות מחיר
B3: JobMargin — שלחו הצעות מקצועיות וסגרו יותר עבודות
B5: סה"כ הצעות | C5: שווי כולל הצעות (₪) | D5: הצעות שאושרו | E5: אחוז אישור | F5: הצעה ממוצעת (₪)
B6: =COUNTA('סיכום הצעות מחיר'!A4:A25) | C6: =SUM('סיכום הצעות מחיר'!H4:H25) | D6: =COUNTIF('סיכום הצעות מחיר'!I4:I25,"אושרה") | E6: =IFERROR(COUNTIF('סיכום הצעות מחיר'!I4:I25,"אושרה")/COUNTA('סיכום הצעות מחיר'!A4:A25),0) | F6: =IFERROR(AVERAGE('סיכום הצעות מחיר'!H4:H25),0)
B9: ⚠ תובנות עסקיות והתראות
B10: =IF(COUNTIF('סיכום הצעות מחיר'!I4:I25,"טיוטה")>0,"יש "&COUNTIF('סיכום הצעות מחיר'!I4:I25,"טיוטה")&" הצעות בטיוטה שטרם נשלחו.","כל ההצעות נשלחו ללקוחות.")
B11: =IF(COUNTA('סיכום הצעות מחיר'!A4:A25)=0,"עדיין לא הוזנו הצעות מחיר.","נתוני ההצעות מתעדכנים אוטומטית מהלשונית שולחן עבודה.")

Sheet שולחן עבודה
A1: בניית הצעת מחיר - סעיפי הצעה
A2: הזינו נתונים בתאים הצהובים בלבד — הסה"כ מחושב אוטומטית
A3: מס' הצעה | B3: לקוח | C3: שם פרויקט | D3: תאריך | E3: תיאור עבודה | F3: יחידה | G3: כמות | H3: מחיר ליחידה | I3: הנחה % | J3: סה"כ שורה | K3: הערות
A4: Q-1001 | B4: משפחת כהן | C4: שיפוץ מטבח - וילה כהן | D4: 2026-01-05 | E4: פירוק והריסה | F4: קומפלט | G4: 1 | H4: 1500 | I4: 0 | J4: =G4*H4*(1-I4)
A5: Q-1001 | B5: משפחת כהן | C5: שיפוץ מטבח - וילה כהן | D5: 2026-01-05 | E5: ארונות מטבח - ייצור והתקנה | F5: מ"א | G5: 6 | H5: 2200 | I5: 5 | J5: =G5*H5*(1-I5)
A6: Q-1001 | B6: משפחת כהן | C6: שיפוץ מטבח - וילה כהן | D6: 2026-01-05 | E6: עבודות חשמל ותאורה | F6: קומפלט | G6: 1 | H6: 3200 | I6: 0 | J6: =G6*H6*(1-I6)
A7: Q-1002 | B7: עו"ד לוי | C7: החלפת לוח חשמל | D7: 2026-01-08 | E7: לוח חשמל 3 פאזי 24 יציאות | F7: יח' | G7: 1 | H7: 3200 | I7: 0 | J7: =G7*H7*(1-I7)
A8: Q-1002 | B8: עו"ד לוי | C8: החלפת לוח חשמל | D8: 2026-01-08 | E8: עבודת התקנה ובדיקת חשמלאי | F8: שעה | G8: 6 | H8: 110 | I8: 0 | J8: =G8*H8*(1-I8)
J9: =IF(A9="","",G9*H9*(1-I9))
J10: =IF(A10="","",G10*H10*(1-I10))
J11: =IF(A11="","",G11*H11*(1-I11))
J12: =IF(A12="","",G12*H12*(1-I12))
J13: =IF(A13="","",G13*H13*(1-I13))
J14: =IF(A14="","",G14*H14*(1-I14))
J15: =IF(A15="","",G15*H15*(1-I15))
J16: =IF(A16="","",G16*H16*(1-I16))
J17: =IF(A17="","",G17*H17*(1-I17))
J18: =IF(A18="","",G18*H18*(1-I18))
J19: =IF(A19="","",G19*H19*(1-I19))
J20: =IF(A20="","",G20*H20*(1-I20))
... J38: =IF(A38="","",G38*H38*(1-I38))

Sheet סיכום הצעות מחיר
A1: סיכום הצעות מחיר
A2: שורה אחת לכל מספר הצעה — הסכומים נשאבים אוטומטית מ-שולחן עבודה
A3: מס' הצעה | B3: לקוח | C3: תוקף ההצעה (ימים) | D3: תנאי תשלום | E3: מע"מ % | F3: סה"כ לפני מע"מ | G3: סה"כ מע"מ | H3: סה"כ כולל מע"מ | I3: סטטוס
A4: Q-1001 | B4: משפחת כהן | C4: 14 | D4: 50% מקדמה, 50% בסיום | E4: 0.17 | F4: =SUMIF('שולחן עבודה'!$A$4:$A$38,A4,'שולחן עבודה'!$J$4:$J$38) | G4: =F4*E4 | H4: =F4+G4 | I4: טיוטה
A5: Q-1002 | B5: עו"ד לוי | C5: 14 | D5: תשלום עם סיום העבודה | E5: 0.17 | F5: =SUMIF('שולחן עבודה'!$A$4:$A$38,A5,'שולחן עבודה'!$J$4:$J$38) | G5: =F5*E5 | H5: =F5+G5 | I5: טיוטה
F6: =IF(A6="","",SUMIF('שולחן עבודה'!$A$4:$A$38,A6,'שולחן עבודה'!$J$4:$J$38)) | G6: =IF(A6="","",F6*E6) | H6: =IF(A6="","",F6+G6)
F7: =IF(A7="","",SUMIF('שולחן עבודה'!$A$4:$A$38,A7,'שולחן עבודה'!$J$4:$J$38)) | G7: =IF(A7="","",F7*E7) | H7: =IF(A7="","",F7+G7)
F8: =IF(A8="","",SUMIF('שולחן עבודה'!$A$4:$A$38,A8,'שולחן עבודה'!$J$4:$J$38)) | G8: =IF(A8="","",F8*E8) | H8: =IF(A8="","",F8+G8)
F9: =IF(A9="","",SUMIF('שולחן עבודה'!$A$4:$A$38,A9,'שולחן עבודה'!$J$4:$J$38)) | G9: =IF(A9="","",F9*E9) | H9: =IF(A9="","",F9+G9)
F10: =IF(A10="","",SUMIF('שולחן עבודה'!$A$4:$A$38,A10,'שולחן עבודה'!$J$4:$J$38)) | G10: =IF(A10="","",F10*E10) | H10: =IF(A10="","",F10+G10)
F11: =IF(A11="","",SUMIF('שולחן עבודה'!$A$4:$A$38,A11,'שולחן עבודה'!$J$4:$J$38)) | G11: =IF(A11="","",F11*E11) | H11: =IF(A11="","",F11+G11)
F12: =IF(A12="","",SUMIF('שולחן עבודה'!$A$4:$A$38,A12,'שולחן עבודה'!$J$4:$J$38)) | G12: =IF(A12="","",F12*E12) | H12: =IF(A12="","",F12+G12)
F13: =IF(A13="","",SUMIF('שולחן עבודה'!$A$4:$A$38,A13,'שולחן עבודה'!$J$4:$J$38)) | G13: =IF(A13="","",F13*E13) | H13: =IF(A13="","",F13+G13)
F14: =IF(A14="","",SUMIF('שולחן עבודה'!$A$4:$A$38,A14,'שולחן עבודה'!$J$4:$J$38)) | G14: =IF(A14="","",F14*E14) | H14: =IF(A14="","",F14+G14)
F15: =IF(A15="","",SUMIF('שולחן עבודה'!$A$4:$A$38,A15,'שולחן עבודה'!$J$4:$J$38)) | G15: =IF(A15="","",F15*E15) | H15: =IF(A15="","",F15+G15)
F16: =IF(A16="","",SUMIF('שולחן עבודה'!$A$4:$A$38,A16,'שולחן עבודה'!$J$4:$J$38)) | G16: =IF(A16="","",F16*E16) | H16: =IF(A16="","",F16+G16)
F17: =IF(A17="","",SUMIF('שולחן עבודה'!$A$4:$A$38,A17,'שולחן עבודה'!$J$4:$J$38)) | G17: =IF(A17="","",F17*E17) | H17: =IF(A17="","",F17+G17)
... F25: =IF(A25="","",SUMIF('שולחן עבודה'!$A$4:$A$38,A25,'שולחן עבודה'!$J$4:$J$38)) | G25: =IF(A25="","",F25*E25) | H25: =IF(A25="","",F25+G25)

Sheet התחלה מהירה
A1: התחלה מהירה
A2: 5 צעדים ואתם בפנים
A4: 1. עברו ללשונית 'שולחן עבודה' והוסיפו סעיף (שורה) לכל פריט עבודה, עם אותו מספר הצעה לכל הסעיפים של אותה הצעה.
A6: 2. עברו ללשונית 'סיכום הצעות מחיר' והוסיפו שורה אחת לכל מספר הצעה, עם תוקף, תנאי תשלום ומע"מ.
A8: 3. הסכומים (לפני מע"מ, מע"מ, כולל מע"מ) מחושבים אוטומטית משורות ה-שולחן עבודה.
A10: 4. עדכנו את הסטטוס (טיוטה/נשלחה/אושרה/נדחתה) ככל שההצעה מתקדמת.
A12: 5. עברו ל-לוח הבקרה לראות כמה הצעות פתוחות, כמה אושרו, ומה שווי הצינור הכולל.
A14: טיפ: להדפסה נוחה ללקוח, סננו את שולחן עבודה לפי מספר הצעה יחיד לפני הדפסה/PDF.

Sheet מדריך שימוש
A1: מדריך שימוש
A2: הסבר מלא לכל שדה ולכל חישוב
B4: מה זה? | C4: כלי לבניית הצעות מחיר מקצועיות מרובות-סעיפים, עם חישוב אוטומטי של סה"כ, הנחות ומע"מ.
B5: למי זה מתאים? | C5: כל בעל מקצוע ששולח הצעות מחיר ללקוחות — קבלנים, חשמלאים, אינסטלטורים, נגרים ועוד.
B6: איזו בעיה זה פותר? | C6: הצעות מחיר לא אחידות, שכחת מע"מ או הנחה, וזמן רב שמושקע בבניית כל הצעה מאפס.
B7: איך מתחילים? | C7: הוסיפו סעיפי עבודה ב-שולחן עבודה, ופרטי הצעה כלליים בסיכום הצעות מחיר.
B8: מה צריך להזין? | C8: מספר הצעה, לקוח, פרויקט, תיאור עבודה, יחידה, כמות, מחיר ליחידה, הנחה %, ותוקף/תנאי תשלום/מע"מ בסיכום.
B9: מה מחושב אוטומטית? | C9: סה"כ לכל סעיף, סה"כ לפני מע"מ, סכום מע"מ, וסה"כ כולל מע"מ לכל הצעה.
B10: מה לוח הבקרה מציג? | C10: סה"כ הצעות, שווי כולל, הצעות שאושרו, אחוז אישור, וגודל הצעה ממוצע.
B11: טיפים | C11: 1) שמרו על מספור הצעות עקבי (Q-1001, Q-1002...). 2) עדכנו סטטוס בכל שלב כדי שלוח הבקרה ישקף מצב אמיתי.
B13: שאלות נפוצות
B14: איך מדפיסים הצעת מחיר ללקוח? | C14: סננו את שולחן עבודה לפי מספר הצעה בודד, ואת סיכום הצעות מחיר לאותה שורה, והדפיסו/ייצאו כ-PDF (Excel: File > Export > Create PDF).
B15: אפשר להוסיף עוד סעיפים להצעה קיימת? | C15: כן — הוסיפו שורה חדשה ב-שולחן עבודה עם אותו מספר הצעה.
B16: מה קורה אם משנים הנחה בדיעבד? | C16: הסכום מתעדכן אוטומטית בכל השורות והסיכומים.
